/*
SQLyog 企业版 - MySQL GUI v8.14 
MySQL - 5.7.12 : Database - polymer
*********************************************************************
*/

/*!40101 SET NAMES utf8 */;

/*!40101 SET SQL_MODE=''*/;

/*!40014 SET @OLD_UNIQUE_CHECKS=@@UNIQUE_CHECKS, UNIQUE_CHECKS=0 */;
/*!40014 SET @OLD_FOREIGN_KEY_CHECKS=@@FOREIGN_KEY_CHECKS, FOREIGN_KEY_CHECKS=0 */;
/*!40101 SET @OLD_SQL_MODE=@@SQL_MODE, SQL_MODE='NO_AUTO_VALUE_ON_ZERO' */;
/*!40111 SET @OLD_SQL_NOTES=@@SQL_NOTES, SQL_NOTES=0 */;
CREATE DATABASE /*!32312 IF NOT EXISTS*/`polymer` /*!40100 DEFAULT CHARACTER SET utf8 COLLATE utf8_bin */;

USE `polymer`;

/*Table structure for table `acc_account` */

DROP TABLE IF EXISTS `acc_account`;

CREATE TABLE `acc_account` (
  `account_no` varchar(20) COLLATE utf8_bin NOT NULL,
  `merchant_code` varchar(24) COLLATE utf8_bin NOT NULL,
  `open_time` datetime DEFAULT NULL,
  `balance` decimal(18,2) DEFAULT NULL,
  `status` int(11) NOT NULL,
  `timestamp` bigint(20) NOT NULL,
  PRIMARY KEY (`account_no`)
) ENGINE=InnoDB DEFAULT CHARSET=utf8 COLLATE=utf8_bin;

/*Data for the table `acc_account` */

insert  into `acc_account`(`account_no`,`merchant_code`,`open_time`,`balance`,`status`,`timestamp`) values ('16051154001059168','80075501010001','2016-05-11 15:00:01','4.00',0,1462950001171),('16051155057059214','16042666657104525','2016-05-11 15:17:37','3.80',0,1462951057214),('16051358514059238','16051358514059177','2016-05-13 16:15:14','5.40',0,1463127314239),('16051361834059949','16051358147059512','2016-05-13 17:10:35','0.00',0,1463130634952);

/*Table structure for table `acc_account_detail` */

DROP TABLE IF EXISTS `acc_account_detail`;

CREATE TABLE `acc_account_detail` (
  `id` bigint(20) NOT NULL,
  `account_no` varchar(20) COLLATE utf8_bin NOT NULL,
  `merchant_code` varchar(24) COLLATE utf8_bin NOT NULL,
  `trade_time` datetime NOT NULL,
  `account_time` datetime NOT NULL,
  `trade_type` int(11) DEFAULT NULL,
  `trade_no` varchar(30) COLLATE utf8_bin DEFAULT NULL,
  `amt` decimal(18,2) DEFAULT NULL,
  `balance` decimal(18,2) DEFAULT NULL,
  PRIMARY KEY (`id`)
) ENGINE=InnoDB DEFAULT CHARSET=utf8 COLLATE=utf8_bin;

/*Data for the table `acc_account_detail` */

insert  into `acc_account_detail`(`id`,`account_no`,`merchant_code`,`trade_time`,`account_time`,`trade_type`,`trade_no`,`amt`,`balance`) values (16051168757059852,'16051155057059214','16042666657104525','2016-05-11 19:05:58','2016-05-11 19:05:58',10,'16051168757059803','0.00','2.00'),(16051169178059077,'16051155057059214','16042666657104525','2016-05-11 19:12:58','2016-05-11 19:12:58',10,'16051169178059034','2.00','4.00'),(16051236598059854,'16051154001059168','80075501010001','2016-05-12 10:09:59','2016-05-12 10:09:59',10,'16051236598059777','0.00','2.00'),(16051236610059079,'16051154001059168','80075501010001','2016-05-12 10:10:10','2016-05-12 10:10:10',10,'16051236610059033','2.00','4.00'),(16051247554059635,'16051155057059214','16042666657104525','2016-05-12 13:12:35','2016-05-12 13:12:35',10,'16051247553059612','4.00','3.80'),(16051358696059427,'16051358514059238','16051358514059177','2016-05-13 16:18:16','2016-05-13 16:18:16',10,'16051358696059396','0.00','10.00'),(16051360509059061,'16051358514059238','16051358514059177','2016-05-13 16:48:29','2016-05-13 16:48:29',10,'16051360508059320','10.00','9.80'),(16051360667059929,'16051358514059238','16051358514059177','2016-05-13 16:51:08','2016-05-13 16:51:08',10,'16051360667059294','9.80','9.60'),(16051833315018108,'16051358514059238','16051358514059177','2016-05-18 09:15:15','2016-05-18 09:15:15',20,'16051833314018107','9.60','9.40'),(16051833359018475,'16051358514059238','16051358514059177','2016-05-18 09:15:59','2016-05-18 09:15:59',20,'16051833358018900','9.40','9.20'),(16051833621018843,'16051358514059238','16051358514059177','2016-05-18 09:20:22','2016-05-18 09:20:22',20,'16051833621018289','9.20','9.00'),(16051833631018838,'16051358514059238','16051358514059177','2016-05-18 09:20:32','2016-05-18 09:20:32',20,'16051833631018157','9.00','8.80'),(16051833641018676,'16051358514059238','16051358514059177','2016-05-18 09:20:42','2016-05-18 09:20:42',20,'16051833640018987','8.80','8.60'),(16051834737018464,'16051358514059238','16051358514059177','2016-05-18 09:38:57','2016-05-18 09:38:57',20,'16051834736018727','8.60','8.40'),(16051834787018544,'16051358514059238','16051358514059177','2016-05-18 09:39:48','2016-05-18 09:39:48',20,'16051834786018987','8.40','8.20'),(16051834811018533,'16051358514059238','16051358514059177','2016-05-18 09:40:12','2016-05-18 09:40:12',20,'16051834810018852','8.20','8.00'),(16051834828018830,'16051358514059238','16051358514059177','2016-05-18 09:40:29','2016-05-18 09:40:29',20,'16051834828018294','8.00','7.80'),(16051834949018147,'16051358514059238','16051358514059177','2016-05-18 09:42:29','2016-05-18 09:42:29',20,'16051834948018583','7.80','7.60'),(16051834967018546,'16051358514059238','16051358514059177','2016-05-18 09:42:48','2016-05-18 09:42:48',20,'16051834967018070','7.60','7.40'),(16051834994018591,'16051358514059238','16051358514059177','2016-05-18 09:43:15','2016-05-18 09:43:15',20,'16051834994018058','7.40','7.20'),(16051835008018000,'16051358514059238','16051358514059177','2016-05-18 09:43:28','2016-05-18 09:43:28',20,'16051835007018343','7.20','7.00'),(16051835026018480,'16051358514059238','16051358514059177','2016-05-18 09:43:46','2016-05-18 09:43:46',20,'16051835025018924','7.00','6.80'),(16051835042018707,'16051358514059238','16051358514059177','2016-05-18 09:44:03','2016-05-18 09:44:03',20,'16051835042018023','6.80','6.60'),(16051835056018709,'16051358514059238','16051358514059177','2016-05-18 09:44:17','2016-05-18 09:44:17',20,'16051835056018038','6.60','6.40'),(16051835077018316,'16051358514059238','16051358514059177','2016-05-18 09:44:37','2016-05-18 09:44:37',20,'16051835076018767','6.40','6.20'),(16051858619018899,'16051358514059238','16051358514059177','2016-05-18 16:17:00','2016-05-18 16:17:00',20,'16051858619018020','6.20','6.00'),(16051858650018955,'16051358514059238','16051358514059177','2016-05-18 16:17:31','2016-05-18 16:17:31',20,'16051858650018346','6.00','5.80'),(16051858715018662,'16051358514059238','16051358514059177','2016-05-18 16:18:36','2016-05-18 16:18:36',20,'16051858715018041','5.80','5.60'),(16051858841018989,'16051358514059238','16051358514059177','2016-05-18 16:20:42','2016-05-18 16:20:42',20,'16051858841018472','5.60','5.40');

/*Table structure for table `acc_recharge` */

DROP TABLE IF EXISTS `acc_recharge`;

CREATE TABLE `acc_recharge` (
  `recharge_no` varchar(20) COLLATE utf8_bin NOT NULL,
  `merchant_code` varchar(24) COLLATE utf8_bin NOT NULL,
  `recharge_time` datetime NOT NULL,
  `channel_code` varchar(20) COLLATE utf8_bin DEFAULT NULL,
  `amt` decimal(18,2) DEFAULT NULL,
  PRIMARY KEY (`recharge_no`)
) ENGINE=InnoDB DEFAULT CHARSET=utf8 COLLATE=utf8_bin;

/*Data for the table `acc_recharge` */

insert  into `acc_recharge`(`recharge_no`,`merchant_code`,`recharge_time`,`channel_code`,`amt`) values ('16051168757059803','16042666657104525','2016-05-11 19:05:58','shengda','2.00'),('16051169178059034','16042666657104525','2016-05-11 19:12:58','shengda','2.00'),('16051236598059777','80075501010001','2016-05-12 10:09:59','shengda','2.00'),('16051236610059033','80075501010001','2016-05-12 10:10:10','shengda','2.00'),('16051358696059396','16051358514059177','2016-05-13 16:18:16','shengda','10.00');

/*Table structure for table `aut_channel_message` */

DROP TABLE IF EXISTS `aut_channel_message`;

CREATE TABLE `aut_channel_message` (
  `id` bigint(20) NOT NULL,
  `trade_no` varchar(20) COLLATE utf8_bin NOT NULL,
  `channel_code` varchar(20) COLLATE utf8_bin NOT NULL,
  `merchant_code` varchar(24) COLLATE utf8_bin NOT NULL,
  `msg_type` int(11) DEFAULT NULL,
  `req_msg` varchar(1024) COLLATE utf8_bin DEFAULT NULL,
  `resp_msg` varchar(1024) COLLATE utf8_bin DEFAULT NULL,
  PRIMARY KEY (`id`)
) ENGINE=InnoDB DEFAULT CHARSET=utf8 COLLATE=utf8_bin;

/*Data for the table `aut_channel_message` */

insert  into `aut_channel_message`(`id`,`trade_no`,`channel_code`,`merchant_code`,`msg_type`,`req_msg`,`resp_msg`) values (16050437637059754,'16050437636059926','shengda','80075501010001',1,'accNo=6227003321740369152&accType=01&certifId=440902199307090413&certifTp=01&customerNm=%E9%BB%8E%E9%93%AD&defaultPayType=1111&encoding=UTF-8&merId=310012301000011&orderId=1462328836932&phoneNo=13428187972&signature=F71F4D72BF70A8D84A4AFFCBE28CC813&txnTime=20160504102716&txnType=00&version=5.0.0','accNo=6227003321740369152&accType=01&certifId=440902199307090413&certifTp=01&customerNm=%E9%BB%8E%E9%93%AD&defaultPayType=1111&encoding=UTF-8&merId=310012301000011&orderId=1462328836932&phoneNo=13428187972&respCode=00&respMsg=%E4%BA%A4%E6%98%93%E6%88%90%E5%8A%9F&signature=FD0F0705FB29C26EBAF82CB96B17D870&txnTime=20160504102716&txnType=00&version=5.0.0'),(16050451052059246,'16050451036059309','shengda','80075501010001',1,'accNo=6227003321740369152&accType=01&certifId=440902199307090413&certifTp=01&customerNm=%E9%BB%8E%E9%93%AD&defaultPayType=1111&encoding=UTF-8&merId=310012301000011&orderId=1462342236333&phoneNo=13428187972&signature=02CDBF386A6BE203EC91480A0FC1E878&txnTime=20160504021036&txnType=00&version=5.0.0','accNo=6227003321740369152&accType=01&certifId=440902199307090413&certifTp=01&customerNm=%E9%BB%8E%E9%93%AD&defaultPayType=1111&encoding=UTF-8&merId=310012301000011&orderId=1462342236333&phoneNo=13428187972&respCode=00&respMsg=%E4%BA%A4%E6%98%93%E6%88%90%E5%8A%9F&signature=B0DC3C446671CBE25725E513755BDE7D&txnTime=20160504021036&txnType=00&version=5.0.0'),(16050454163059365,'16050454162059526','shengda','80075501010001',1,'accNo=6227003321740369152&accType=01&certifId=440902199307090413&certifTp=01&customerNm=%E9%BB%8E%E9%93%AD&defaultPayType=1111&encoding=UTF-8&merId=310012301000011&orderId=1462345362531&phoneNo=13428187972&signature=7F618FE08359556BC510E580C69FD587&txnTime=20160504030241&txnType=00&version=5.0.0','accNo=6227003321740369152&accType=01&certifId=440902199307090413&certifTp=01&customerNm=%E9%BB%8E%E9%93%AD&defaultPayType=1111&encoding=UTF-8&merId=310012301000011&orderId=1462345362531&phoneNo=13428187972&respCode=00&respMsg=%E4%BA%A4%E6%98%93%E6%88%90%E5%8A%9F&signature=ACFDDB10CE1C64B3277452F36D838381&txnTime=20160504030241&txnType=00&version=5.0.0'),(16050455814059948,'16050455814059159','shengda','80075501010001',1,'accNo=6227003321740369152&accType=01&certifId=440902199307090413&certifTp=01&customerNm=%E9%BB%8E%E9%93%AD&defaultPayType=1111&encoding=UTF-8&merId=310012301000011&orderId=1462347014164&phoneNo=13428187972&signature=4F6A31483569BDD47CFBA236DFB7FE22&txnTime=20160504033013&txnType=00&version=5.0.0','accNo=6227003321740369152&accType=01&certifId=440902199307090413&certifTp=01&customerNm=%E9%BB%8E%E9%93%AD&defaultPayType=1111&encoding=UTF-8&merId=310012301000011&orderId=1462347014164&phoneNo=13428187972&respCode=00&respMsg=%E4%BA%A4%E6%98%93%E6%88%90%E5%8A%9F&signature=4A8C97AC95843DF3F76CCF1563DC171D&txnTime=20160504033013&txnType=00&version=5.0.0'),(16050456406059290,'16050456405059724','shengda','80075501010001',1,'accNo=6227003321740369152&accType=01&certifId=440902199307090413&certifTp=01&customerNm=%E9%BB%8E%E5%98%89&defaultPayType=1111&encoding=UTF-8&merId=310012301000011&orderId=1462347605727&phoneNo=13428187972&signature=D46143D961E5C02915B1260882DCA882&txnTime=20160504034005&txnType=00&version=5.0.0','accNo=6227003321740369152&accType=01&certifId=440902199307090413&certifTp=01&customerNm=%E9%BB%8E%E5%98%89&defaultPayType=1111&encoding=UTF-8&merId=310012301000011&orderId=1462347605727&phoneNo=13428187972&respCode=05&respMsg=%E6%8C%81%E5%8D%A1%E4%BA%BA%E8%AE%A4%E8%AF%81%E5%A4%B1%E8%B4%A5&signature=4D08B437C11C9A91CBA72E096DC555EE&txnTime=20160504034005&txnType=00&version=5.0.0'),(16050459123059684,'16050459122059920','shengda','80075501010001',1,'accNo=6227003321740369152&accType=01&certifId=440902199307090413&certifTp=01&customerNm=%E9%BB%8E%E5%98%89&defaultPayType=1111&encoding=UTF-8&merId=310012301000023&orderId=1462350322925&phoneNo=13428187972&signature=5DC5B30CD7CDEB630C81F2CC9D1C7DC6&txnTime=20160504042522&txnType=00&version=5.0.0','accNo=6227003321740369152&accType=01&certifId=440902199307090413&certifTp=01&customerNm=%E9%BB%8E%E5%98%89&defaultPayType=1111&encoding=UTF-8&merId=310012301000023&orderId=1462350322925&phoneNo=13428187972&respCode=05&respMsg=%E6%8C%81%E5%8D%A1%E4%BA%BA%E8%AE%A4%E8%AF%81%E5%A4%B1%E8%B4%A5&signature=85DEA8A252E60991B5F5BB0BB652F138&txnTime=20160504042522&txnType=00&version=5.0.0'),(16050459149059618,'16050459149059017','shengda','80075501010001',1,'accNo=6227003321740369152&accType=01&certifId=440902199307090413&certifTp=01&customerNm=%E9%BB%8E%E9%93%AD&defaultPayType=1111&encoding=UTF-8&merId=310012301000023&orderId=1462350349125&phoneNo=13428187972&signature=20880B1F11901B556139C15DD40CA8BF&txnTime=20160504042548&txnType=00&version=5.0.0','accNo=6227003321740369152&accType=01&certifId=440902199307090413&certifTp=01&customerNm=%E9%BB%8E%E9%93%AD&defaultPayType=1111&encoding=UTF-8&merId=310012301000023&orderId=1462350349125&phoneNo=13428187972&respCode=00&respMsg=%E4%BA%A4%E6%98%93%E6%88%90%E5%8A%9F&signature=97640AB6FF0AA3EC30BF800EAC467C1B&txnTime=20160504042548&txnType=00&version=5.0.0'),(16050951814059015,'16050951813059104','shengda','16042666657104525',1,'accNo=6227003321740369152&accType=01&certifId=440902199307090413&certifTp=01&customerNm=%E9%BB%8E%E9%93%AD&defaultPayType=1111&encoding=UTF-8&merId=310012301000011&orderId=1462775013109&phoneNo=13428187972&signature=ABCED6C34D4FA518AB688CF596A03B6F&txnTime=20160509022332&txnType=00&version=5.0.0','accNo=6227003321740369152&accType=01&certifId=440902199307090413&certifTp=01&customerNm=%E9%BB%8E%E9%93%AD&defaultPayType=1111&encoding=UTF-8&merId=310012301000011&orderId=1462775013109&phoneNo=13428187972&respCode=00&respMsg=%E4%BA%A4%E6%98%93%E6%88%90%E5%8A%9F&signature=691716C01FE81BDC4E47460ACAADA8FC&txnTime=20160509022332&txnType=00&version=5.0.0'),(16051247554059630,'16051247553059612','shengda','16042666657104525',1,'accNo=6227003321740369152&accType=01&certifId=440902199307090413&certifTp=01&customerNm=%E9%BB%8E%E9%93%AD&defaultPayType=1111&encoding=UTF-8&merId=310012301000011&orderId=1463029953617&phoneNo=13428187972&signature=CDA1FD4E23BCFCD340D406CF58D33E83&txnTime=20160512011232&txnType=00&version=5.0.0','accNo=6227003321740369152&accType=01&certifId=440902199307090413&certifTp=01&customerNm=%E9%BB%8E%E9%93%AD&defaultPayType=1111&encoding=UTF-8&merId=310012301000011&orderId=1463029953617&phoneNo=13428187972&respCode=00&respMsg=%E4%BA%A4%E6%98%93%E6%88%90%E5%8A%9F&signature=21B8FE14E447A5F9F24868B42AEE54F8&txnTime=20160512011232&txnType=00&version=5.0.0'),(16051360509059059,'16051360508059320','shengda','16051358514059177',1,'accNo=6227003321740369152&accType=01&certifId=440902199307090413&certifTp=01&customerNm=%E9%BB%8E%E9%93%AD&defaultPayType=1111&encoding=UTF-8&merId=310012301000011&orderId=1463129308326&phoneNo=13428187972&signature=F1DED3134844B72C553B26060DC5C78B&txnTime=20160513044827&txnType=00&version=5.0.0','accNo=6227003321740369152&accType=01&certifId=440902199307090413&certifTp=01&customerNm=%E9%BB%8E%E9%93%AD&defaultPayType=1111&encoding=UTF-8&merId=310012301000011&orderId=1463129308326&phoneNo=13428187972&respCode=00&respMsg=%E4%BA%A4%E6%98%93%E6%88%90%E5%8A%9F&signature=CBC208957E76F112FF95499859B02034&txnTime=20160513044827&txnType=00&version=5.0.0'),(16051360667059927,'16051360667059294','shengda','16051358514059177',1,'accNo=6227003321740369152&accType=01&certifId=440902199307090413&certifTp=01&customerNm=%E9%BB%8E%E5%8A%A0&defaultPayType=1111&encoding=UTF-8&merId=310012301000011&orderId=1463129467297&phoneNo=13428187972&signature=96032A7310325AA5B2978466A7D6FB91&txnTime=20160513045107&txnType=00&version=5.0.0','accNo=6227003321740369152&accType=01&certifId=440902199307090413&certifTp=01&customerNm=%E9%BB%8E%E5%8A%A0&defaultPayType=1111&encoding=UTF-8&merId=310012301000011&orderId=1463129467297&phoneNo=13428187972&respCode=05&respMsg=%E6%8C%81%E5%8D%A1%E4%BA%BA%E8%AE%A4%E8%AF%81%E5%A4%B1%E8%B4%A5&signature=A123CB04377A9F29E76D61F4A5632459&txnTime=20160513045107&txnType=00&version=5.0.0'),(16051833315018096,'16051833314018107','shengda','16051358514059177',1,'accNo=6227003321740369152&accType=01&certifId=440902199307090413&certifTp=01&customerNm=%E9%BB%8E%E5%8A%A0&defaultPayType=1110&encoding=UTF-8&merId=310012301000011&orderId=1463534114145&signature=B06215A06C2C041D1AE60FCB3CB4E927&txnTime=20160518091513&txnType=00&version=5.0.0','accNo=6227003321740369152&accType=01&certifId=440902199307090413&certifTp=01&customerNm=%E9%BB%8E%E5%8A%A0&defaultPayType=1110&encoding=UTF-8&merId=310012301000011&orderId=1463534114145&respCode=05&respMsg=%E6%8C%81%E5%8D%A1%E4%BA%BA%E8%AE%A4%E8%AF%81%E5%A4%B1%E8%B4%A5&signature=5D299DDA51D95078DB43D4334D66A618&txnTime=20160518091513&txnType=00&version=5.0.0'),(16051833359018472,'16051833358018900','shengda','16051358514059177',1,'accNo=6227003321740369152&accType=01&certifId=440902199307090413&certifTp=01&customerNm=%E9%BB%8E%E9%93%AD&defaultPayType=1110&encoding=UTF-8&merId=310012301000011&orderId=1463534158906&signature=99724F40A87EA7EBE138A28D76C4C9D8&txnTime=20160518091558&txnType=00&version=5.0.0','accNo=6227003321740369152&accType=01&certifId=440902199307090413&certifTp=01&customerNm=%E9%BB%8E%E9%93%AD&defaultPayType=1110&encoding=UTF-8&merId=310012301000011&orderId=1463534158906&respCode=00&respMsg=%E4%BA%A4%E6%98%93%E6%88%90%E5%8A%9F&signature=1356BFF4F5C9A6F04179915203690B1F&txnTime=20160518091558&txnType=00&version=5.0.0'),(16051833621018840,'16051833621018289','shengda','16051358514059177',1,'accNo=6227003321740369152&accType=01&certifId=440902199307090413&certifTp=01&customerNm=%E9%BB%8E%E9%93%AD&defaultPayType=1100&encoding=UTF-8&merId=310012301000011&orderId=1463534421292&phoneNo=13428187972&signature=EFDAF6FABCB44AE6E3854C6888D90C06&txnTime=20160518092021&txnType=00&version=5.0.0','accNo=6227003321740369152&accType=01&certifId=440902199307090413&certifTp=01&customerNm=%E9%BB%8E%E9%93%AD&defaultPayType=1100&encoding=UTF-8&merId=310012301000011&orderId=1463534421292&phoneNo=13428187972&respCode=00&respMsg=%E4%BA%A4%E6%98%93%E6%88%90%E5%8A%9F&signature=FAB1FB32518D5BE51CBF2A9FB7AB8651&txnTime=20160518092021&txnType=00&version=5.0.0'),(16051833631018837,'16051833631018157','shengda','16051358514059177',1,'accNo=6227003321740369152&accType=01&certifId=440902199307090413&certifTp=01&customerNm=%E9%BB%8E%E9%93%AD&defaultPayType=1100&encoding=UTF-8&merId=310012301000011&orderId=1463534431162&signature=8C56CE278D087536772D93225B4B112A&txnTime=20160518092031&txnType=00&version=5.0.0','accNo=6227003321740369152&accType=01&certifId=440902199307090413&certifTp=01&customerNm=%E9%BB%8E%E9%93%AD&defaultPayType=1100&encoding=UTF-8&merId=310012301000011&orderId=1463534431162&respCode=00&respMsg=%E4%BA%A4%E6%98%93%E6%88%90%E5%8A%9F&signature=BBAC719CF10AF5BC8C5E38951767EEF4&txnTime=20160518092031&txnType=00&version=5.0.0'),(16051833641018675,'16051833640018987','shengda','16051358514059177',1,'accNo=6227003321740369152&accType=01&certifId=440902199307090413&certifTp=01&defaultPayType=1100&encoding=UTF-8&merId=310012301000011&orderId=1463534440990&signature=885C0B4F9AA7BC276DAF262A65766156&txnTime=20160518092040&txnType=00&version=5.0.0','accNo=6227003321740369152&accType=01&certifId=440902199307090413&certifTp=01&defaultPayType=1100&encoding=UTF-8&merId=310012301000011&orderId=1463534440990&respCode=00&respMsg=%E4%BA%A4%E6%98%93%E6%88%90%E5%8A%9F&signature=A8F27D4D31B38E87EC05E1CD7D40C2C4&txnTime=20160518092040&txnType=00&version=5.0.0'),(16051834737018462,'16051834736018727','shengda','16051358514059177',1,'accNo=6227003321740369152&accType=01&certifId=440902199307090413&certifTp=01&customerNm=%E9%BB%8E%E9%93%AD&defaultPayType=1110&encoding=UTF-8&merId=310012301000011&orderId=1463535536731&signature=C47DB8FA68D8D6DC9390F0CFC4828EA6&txnTime=20160518093856&txnType=00&version=5.0.0','accNo=6227003321740369152&accType=01&certifId=440902199307090413&certifTp=01&customerNm=%E9%BB%8E%E9%93%AD&defaultPayType=1110&encoding=UTF-8&merId=310012301000011&orderId=1463535536731&respCode=00&respMsg=%E4%BA%A4%E6%98%93%E6%88%90%E5%8A%9F&signature=2E6DC243A10236E544A517869F2E6234&txnTime=20160518093856&txnType=00&version=5.0.0'),(16051834787018539,'16051834786018987','shengda','16051358514059177',1,'accNo=6227003321740369152&accType=01&certifId=440902199307090413&certifTp=01&defaultPayType=1100&encoding=UTF-8&merId=310012301000011&orderId=1463535586991&signature=597479092AE9FEAAA95C24A307AFE7B8&txnTime=20160518093946&txnType=00&version=5.0.0','accNo=6227003321740369152&accType=01&certifId=440902199307090413&certifTp=01&defaultPayType=1100&encoding=UTF-8&merId=310012301000011&orderId=1463535586991&respCode=00&respMsg=%E4%BA%A4%E6%98%93%E6%88%90%E5%8A%9F&signature=8234292A58666CC7493592F20F40DECF&txnTime=20160518093946&txnType=00&version=5.0.0'),(16051834811018529,'16051834810018852','shengda','16051358514059177',1,'accNo=6227003321740369152&accType=01&certifTp=01&customerNm=%E9%BB%8E%E9%93%AD&defaultPayType=1010&encoding=UTF-8&merId=310012301000011&orderId=1463535610921&signature=D9D2752A722E3B737A2789FAB13FCF44&txnTime=20160518094010&txnType=00&version=5.0.0','accNo=6227003321740369152&accType=01&certifTp=01&customerNm=%E9%BB%8E%E9%93%AD&defaultPayType=1010&encoding=UTF-8&merId=310012301000011&orderId=1463535610921&respCode=00&respMsg=%E4%BA%A4%E6%98%93%E6%88%90%E5%8A%9F&signature=B3E852D7EC82BDD4D895DAFDFA07354B&txnTime=20160518094010&txnType=00&version=5.0.0'),(16051834828018826,'16051834828018294','shengda','16051358514059177',1,'accNo=6227003321740369152&accType=01&certifTp=01&defaultPayType=1001&encoding=UTF-8&merId=310012301000011&orderId=1463535628296&phoneNo=13428187972&signature=8E30DC56E34EA37682D1EEDB1BC6D770&txnTime=20160518094028&txnType=00&version=5.0.0','accNo=6227003321740369152&accType=01&certifTp=01&defaultPayType=1001&encoding=UTF-8&merId=310012301000011&orderId=1463535628296&phoneNo=13428187972&respCode=00&respMsg=%E4%BA%A4%E6%98%93%E6%88%90%E5%8A%9F&signature=A4C34ED0FC5E9FA4BA865D61D15F5749&txnTime=20160518094028&txnType=00&version=5.0.0'),(16051834949018145,'16051834948018583','shengda','16051358514059177',1,'accNo=6227003321740369152&accType=01&certifId=440902199307090413&certifTp=01&customerNm=%E9%BB%8E%E9%93%AD&defaultPayType=1111&encoding=UTF-8&merId=310012301000011&orderId=1463535748585&phoneNo=13428187972&signature=844B0E5E6E809D1B7CC72A60D0F5FAB2&txnTime=20160518094228&txnType=00&version=5.0.0','accNo=6227003321740369152&accType=01&certifId=440902199307090413&certifTp=01&customerNm=%E9%BB%8E%E9%93%AD&defaultPayType=1111&encoding=UTF-8&merId=310012301000011&orderId=1463535748585&phoneNo=13428187972&respCode=00&respMsg=%E4%BA%A4%E6%98%93%E6%88%90%E5%8A%9F&signature=3B7C04933FF46373B104908351765EFB&txnTime=20160518094228&txnType=00&version=5.0.0'),(16051834967018529,'16051834967018070','shengda','16051358514059177',1,'accNo=6227003321740369152&accType=01&certifTp=01&defaultPayType=1001&encoding=UTF-8&merId=310012301000011&orderId=1463535767073&phoneNo=13428187972&signature=1B0365DBCAAF772C43D9BDD3E1DFC308&txnTime=20160518094247&txnType=00&version=5.0.0','accNo=6227003321740369152&accType=01&certifTp=01&defaultPayType=1001&encoding=UTF-8&merId=310012301000011&orderId=1463535767073&phoneNo=13428187972&respCode=00&respMsg=%E4%BA%A4%E6%98%93%E6%88%90%E5%8A%9F&signature=58A11C0D0D2578DF7039617E7DD51901&txnTime=20160518094247&txnType=00&version=5.0.0'),(16051834994018589,'16051834994018058','shengda','16051358514059177',1,'accNo=6227003321740369152&accType=01&certifTp=01&customerNm=%E9%BB%8E%E9%93%AD&defaultPayType=1010&encoding=UTF-8&merId=310012301000011&orderId=1463535794060&signature=A078A50C517FD58DFC1EFAC2EA7F956A&txnTime=20160518094314&txnType=00&version=5.0.0','accNo=6227003321740369152&accType=01&certifTp=01&customerNm=%E9%BB%8E%E9%93%AD&defaultPayType=1010&encoding=UTF-8&merId=310012301000011&orderId=1463535794060&respCode=00&respMsg=%E4%BA%A4%E6%98%93%E6%88%90%E5%8A%9F&signature=6AC9536E27C4B51FE3BDCB410B782BF9&txnTime=20160518094314&txnType=00&version=5.0.0'),(16051835007018996,'16051835007018343','shengda','16051358514059177',1,'accNo=6227003321740369152&accType=01&certifTp=01&customerNm=%E9%BB%8E%E9%93%AD&defaultPayType=1011&encoding=UTF-8&merId=310012301000011&orderId=1463535807348&phoneNo=13428187972&signature=CDBE9A0794A0A076E6A27CADF4F07A1C&txnTime=20160518094327&txnType=00&version=5.0.0','accNo=6227003321740369152&accType=01&certifTp=01&customerNm=%E9%BB%8E%E9%93%AD&defaultPayType=1011&encoding=UTF-8&merId=310012301000011&orderId=1463535807348&phoneNo=13428187972&respCode=00&respMsg=%E4%BA%A4%E6%98%93%E6%88%90%E5%8A%9F&signature=0F18A65F66C8D7832EA9A6A86BEEE848&txnTime=20160518094327&txnType=00&version=5.0.0'),(16051835026018478,'16051835025018924','shengda','16051358514059177',1,'accNo=6227003321740369152&accType=01&certifId=440902199307090413&certifTp=01&defaultPayType=1100&encoding=UTF-8&merId=310012301000011&orderId=1463535825927&signature=C2F8F08A24DF1E8C36EFA5A7C2F9D421&txnTime=20160518094345&txnType=00&version=5.0.0','accNo=6227003321740369152&accType=01&certifId=440902199307090413&certifTp=01&defaultPayType=1100&encoding=UTF-8&merId=310012301000011&orderId=1463535825927&respCode=00&respMsg=%E4%BA%A4%E6%98%93%E6%88%90%E5%8A%9F&signature=2CBE403F45FF3C48CE36AD5A24105DB4&txnTime=20160518094345&txnType=00&version=5.0.0'),(16051835042018703,'16051835042018023','shengda','16051358514059177',1,'accNo=6227003321740369152&accType=01&certifId=440902199307090413&certifTp=01&defaultPayType=1101&encoding=UTF-8&merId=310012301000011&orderId=1463535842026&phoneNo=13428187972&signature=668C2622D87DD669D9582CA05FDB6277&txnTime=20160518094401&txnType=00&version=5.0.0','accNo=6227003321740369152&accType=01&certifId=440902199307090413&certifTp=01&defaultPayType=1101&encoding=UTF-8&merId=310012301000011&orderId=1463535842026&phoneNo=13428187972&respCode=00&respMsg=%E4%BA%A4%E6%98%93%E6%88%90%E5%8A%9F&signature=CF5FFB42DB46BA990E5BDF678F1D343D&txnTime=20160518094401&txnType=00&version=5.0.0'),(16051835056018701,'16051835056018038','shengda','16051358514059177',1,'accNo=6227003321740369152&accType=01&certifId=440902199307090413&certifTp=01&customerNm=%E9%BB%8E%E9%93%AD&defaultPayType=1110&encoding=UTF-8&merId=310012301000011&orderId=1463535856043&signature=5F911216661515F2B5A4581C04C8858F&txnTime=20160518094415&txnType=00&version=5.0.0','accNo=6227003321740369152&accType=01&certifId=440902199307090413&certifTp=01&customerNm=%E9%BB%8E%E9%93%AD&defaultPayType=1110&encoding=UTF-8&merId=310012301000011&orderId=1463535856043&respCode=00&respMsg=%E4%BA%A4%E6%98%93%E6%88%90%E5%8A%9F&signature=6EC7D8CD9B2916A0FE127AC22BC1C7FC&txnTime=20160518094415&txnType=00&version=5.0.0'),(16051835077018312,'16051835076018767','shengda','16051358514059177',1,'accNo=6227003321740369152&accType=01&certifId=440902199307090413&certifTp=01&customerNm=%E9%BB%8E%E9%93%AD&defaultPayType=1111&encoding=UTF-8&merId=310012301000011&orderId=1463535876769&phoneNo=13428187972&signature=EF2ED0F61173D8611EAA63143FBFE5FB&txnTime=20160518094436&txnType=00&version=5.0.0','accNo=6227003321740369152&accType=01&certifId=440902199307090413&certifTp=01&customerNm=%E9%BB%8E%E9%93%AD&defaultPayType=1111&encoding=UTF-8&merId=310012301000011&orderId=1463535876769&phoneNo=13428187972&respCode=00&respMsg=%E4%BA%A4%E6%98%93%E6%88%90%E5%8A%9F&signature=B708209E2B8C467F7E859EA4816203CB&txnTime=20160518094436&txnType=00&version=5.0.0'),(16051858619018898,'16051858619018020','shengda','16051358514059177',1,'accNo=6227003321740369152&accType=01&certifId=440902199307090413&certifTp=01&customerNm=%E9%BB%8E%E9%93%AD&defaultPayType=1111&encoding=UTF-8&merId=310012301000011&orderId=1463559419027&phoneNo=13428187972&signature=A68E8E343279760D64DB978C5D191F4F&txnTime=20160518041658&txnType=00&version=5.0.0','accNo=6227003321740369152&accType=01&certifId=440902199307090413&certifTp=01&customerNm=%E9%BB%8E%E9%93%AD&defaultPayType=1111&encoding=UTF-8&merId=310012301000011&orderId=1463559419027&phoneNo=13428187972&respCode=00&respMsg=%E4%BA%A4%E6%98%93%E6%88%90%E5%8A%9F&signature=87CF227F62C69C2BA5FEFD4E4AF8C52C&txnTime=20160518041658&txnType=00&version=5.0.0'),(16051858650018951,'16051858650018346','shengda','16051358514059177',1,'accNo=6227003321740369152&accType=01&certifId=440902199307090413&certifTp=01&customerNm=%E9%BB%8E%E9%93%AD&defaultPayType=1111&encoding=UTF-8&merId=310012301000011&orderId=1463559450350&phoneNo=13428187972&signature=54401C4F1F05C159C606F664881E9777&txnTime=20160518041730&txnType=00&version=5.0.0','accNo=6227003321740369152&accType=01&certifId=440902199307090413&certifTp=01&customerNm=%E9%BB%8E%E9%93%AD&defaultPayType=1111&encoding=UTF-8&merId=310012301000011&orderId=1463559450350&phoneNo=13428187972&respCode=00&respMsg=%E4%BA%A4%E6%98%93%E6%88%90%E5%8A%9F&signature=6A32AB6E7F026C7AA3B7204C98259419&txnTime=20160518041730&txnType=00&version=5.0.0'),(16051858715018658,'16051858715018041','shengda','16051358514059177',1,'accNo=6227003321740369152&accType=01&certifId=440902199307090413&certifTp=01&customerNm=%E9%BB%8E%E9%93%AD&defaultPayType=1111&encoding=UTF-8&merId=310012301000011&orderId=1463559515045&phoneNo=13428187972&signature=66CC770121AF834AF10C1844CB85F356&txnTime=20160518041835&txnType=00&version=5.0.0','accNo=6227003321740369152&accType=01&certifId=440902199307090413&certifTp=01&customerNm=%E9%BB%8E%E9%93%AD&defaultPayType=1111&encoding=UTF-8&merId=310012301000011&orderId=1463559515045&phoneNo=13428187972&respCode=00&respMsg=%E4%BA%A4%E6%98%93%E6%88%90%E5%8A%9F&signature=1A74CD2307D00B78DEFBC60A0C00FBBA&txnTime=20160518041835&txnType=00&version=5.0.0'),(16051858841018989,'16051858841018472','shengda','16051358514059177',1,'accNo=6227003321740369152&accType=01&certifId=440902199307090413&certifTp=01&customerNm=%E9%BB%8E%E9%93%AD&defaultPayType=1111&encoding=UTF-8&merId=310012301000011&orderId=1463559641472&phoneNo=13428187972&signature=4FEA6329DF99D1012C487141453F261A&txnTime=20160518042041&txnType=00&version=5.0.0','accNo=6227003321740369152&accType=01&certifId=440902199307090413&certifTp=01&customerNm=%E9%BB%8E%E9%93%AD&defaultPayType=1111&encoding=UTF-8&merId=310012301000011&orderId=1463559641472&phoneNo=13428187972&respCode=00&respMsg=%E4%BA%A4%E6%98%93%E6%88%90%E5%8A%9F&signature=85801995A3B7D7BF264F170580FC2970&txnTime=20160518042041&txnType=00&version=5.0.0');

/*Table structure for table `aut_merchant_message` */

DROP TABLE IF EXISTS `aut_merchant_message`;

CREATE TABLE `aut_merchant_message` (
  `id` bigint(20) NOT NULL,
  `merchant_trade_no` varchar(32) COLLATE utf8_bin NOT NULL,
  `merchant_code` varchar(24) COLLATE utf8_bin NOT NULL,
  `msg_type` int(11) DEFAULT NULL,
  `req_msg` varchar(1024) COLLATE utf8_bin DEFAULT NULL,
  `resp_msg` varchar(1024) COLLATE utf8_bin DEFAULT NULL,
  PRIMARY KEY (`id`)
) ENGINE=InnoDB DEFAULT CHARSET=utf8 COLLATE=utf8_bin;

/*Data for the table `aut_merchant_message` */

insert  into `aut_merchant_message`(`id`,`merchant_trade_no`,`merchant_code`,`msg_type`,`req_msg`,`resp_msg`) values (0,'DD160420111143','80075501010001',2,'encoding=UTF-8&merchant_code=80075501010001&order_no=DD160420111143&txn_type=01&version=1.0.0','resp_code=120007&resp_msg=商户订单不存在'),(16041562317050867,'310012301000011','310012301000011',1,'account_no=6227003321740369152&account_type=01&auth_type=1111&cert_no=440902199307090413&cert_type=01&custom_name=黎铭&encoding=UTF-8&is_test=Y&merchant_code=310012301000011&order_no=310012301000011&phone=13428187972&signature=2BB7A03FA3ACC179E2F11236F3F9977D&trade_time=20160415051836&txn_type=00&version=1.0.0',NULL),(16041562712050666,'310012301000011','310012301000011',1,'account_no=6227003321740369152&account_type=01&auth_type=1111&cert_no=440902199307090413&cert_type=01&custom_name=黎铭&encoding=UTF-8&is_test=Y&merchant_code=310012301000011&order_no=310012301000011&phone=13428187972&signature=56F26C27844DF0F9AABD56F4878A6873&trade_time=20160415052511&txn_type=00&version=1.0.0',NULL),(16041562848050854,'310012301000011','310012301000011',1,'account_no=6227003321740369152&account_type=01&auth_type=1111&cert_no=440902199307090413&cert_type=01&custom_name=黎铭&encoding=UTF-8&is_test=Y&merchant_code=310012301000011&order_no=310012301000011&phone=13428187972&signature=6C6EFC569E2BA0FC30BCE76A13D76CE4&trade_time=20160415052727&txn_type=00&version=1.0.0','resp_code=110004&resp_msg=merchant_code字段格式错误'),(16041563587050599,'310012301000011','310012301000011',1,'account_no=6227003321740369152&account_type=01&auth_type=1111&cert_no=440902199307090413&cert_type=01&custom_name=黎铭&encoding=UTF-8&is_test=Y&merchant_code=310012301000011&order_no=310012301000011&phone=13428187972&signature=5CF344E6E83F2BE676376CE4B866DB1A&trade_time=20160415053946&txn_type=00&version=1.0.0','resp_code=110004&resp_msg=merchant_code字段格式错误'),(16041563702050119,'310012301000011','310012301000011',1,'account_no=6227003321740369152&account_type=01&auth_type=1111&cert_no=440902199307090413&cert_type=01&custom_name=黎铭&encoding=UTF-8&is_test=Y&merchant_code=310012301000011&order_no=310012301000011&phone=13428187972&signature=60CBE81D2E596113EEF85E70FFA759E3&trade_time=20160415054141&txn_type=00&version=1.0.0','resp_code=110004&resp_msg=merchant_code字段格式错误'),(16041564276050215,'310012301000011','310012301000011',1,'account_no=6227003321740369152&account_type=01&auth_type=1111&cert_no=440902199307090413&cert_type=01&custom_name=黎铭&encoding=UTF-8&is_test=Y&merchant_code=310012301000011&order_no=310012301000011&phone=13428187972&signature=BD1D20BDC25F119347FD8621E1DADF30&trade_time=20160415055115&txn_type=00&version=1.0.0','resp_code=110004&resp_msg=merchant_code字段格式错误'),(16041567029050605,'310012301000011','310012301000011',1,'account_no=6227003321740369152&account_type=01&auth_type=1111&cert_no=440902199307090413&cert_type=01&custom_name=黎铭&encoding=UTF-8&is_test=Y&merchant_code=310012301000011&order_no=310012301000011&phone=13428187972&signature=9762564E7EE220ACAA57EB0D48ED6E4C&trade_time=20160415063709&txn_type=00&version=1.0.0','resp_code=110004&resp_msg=merchant_code字段格式错误'),(16041567134050695,'310012301000011','310012301000011',1,'account_no=6227003321740369152&account_type=01&auth_type=1111&cert_no=440902199307090413&cert_type=01&custom_name=黎铭&encoding=UTF-8&is_test=Y&merchant_code=310012301000011&order_no=310012301000011&phone=13428187972&signature=C05154B6D148FAEFF19775C803226369&trade_time=20160415063853&txn_type=00&version=1.0.0','resp_code=110004&resp_msg=trade_time字段格式错误'),(16041567761050996,'310012301000011','310012301000011',1,'account_no=6227003321740369152&account_type=01&auth_type=1111&cert_no=440902199307090413&cert_type=01&custom_name=黎铭&encoding=UTF-8&is_test=Y&merchant_code=310012301000011&order_no=310012301000011&phone=13428187972&signature=8D7290D4AEC7877226F97929856E8435&trade_time=20160415184920&txn_type=00&version=1.0.0','resp_code=999999&resp_msg=业务异常'),(16041570677050546,'DD160415193756','80075501010001',1,'account_no=6227003321740369152&account_type=01&auth_type=1111&cert_no=440902199307090413&cert_type=01&custom_name=黎铭&encoding=UTF-8&is_test=Y&merchant_code=80075501010001&order_no=DD160415193756&phone=13428187972&signature=4CC02599D0FF09F39360A099564099FB&trade_time=20160415193756&txn_type=00&version=1.0.0','resp_code=110003&resp_msg=签名错误'),(16041570735050482,'DD160415193855','80075501010001',1,'account_no=6227003321740369152&account_type=01&auth_type=1111&cert_no=440902199307090413&cert_type=01&custom_name=黎铭&encoding=UTF-8&is_test=Y&merchant_code=80075501010001&order_no=DD160415193855&phone=13428187972&signature=1C7E8D4BC6D11983B4888C5CF04A2008&trade_time=20160415193855&txn_type=00&version=1.0.0',NULL),(16041571202050701,'DD160415194641','80075501010001',1,'account_no=6227003321740369152&account_type=01&auth_type=1111&cert_no=440902199307090413&cert_type=01&custom_name=黎铭&encoding=UTF-8&is_test=Y&merchant_code=80075501010001&order_no=DD160415194641&phone=13428187972&signature=94A29F631F2525C47879482724C12D60&trade_time=20160415194641&txn_type=00&version=1.0.0',NULL),(16041571321050422,'DD160415194840','80075501010001',1,'account_no=6227003321740369152&account_type=01&auth_type=1111&cert_no=440902199307090413&cert_type=01&custom_name=黎铭&encoding=UTF-8&is_test=Y&merchant_code=80075501010001&order_no=DD160415194840&phone=13428187972&signature=9A2A13D0AFD446E4C8B7AB8F3B98C952&trade_time=20160415194840&txn_type=00&version=1.0.0',NULL),(16041571480050551,'DD160415195119','80075501010001',1,'account_no=6227003321740369152&account_type=01&auth_type=1111&cert_no=440902199307090413&cert_type=01&custom_name=黎铭&encoding=UTF-8&is_test=Y&merchant_code=80075501010001&order_no=DD160415195119&phone=13428187972&signature=DBBE1749012EE223494435D9F1968278&trade_time=20160415195119&txn_type=00&version=1.0.0',NULL),(16041638412063588,'DD160416104011','80075501010001',1,'account_no=6227003321740369152&account_type=01&auth_type=1111&cert_no=440902199307090413&cert_type=01&custom_name=黎铭&encoding=UTF-8&is_test=Y&merchant_code=80075501010001&order_no=DD160416104011&phone=13428187972&signature=101D78080FB83FDA7D1F4BE0941D52AF&trade_time=20160416104011&txn_type=00&version=1.0.0',NULL),(16041641742063244,'DD160416113540','80075501010001',1,'account_no=6227003321740369152&account_type=01&auth_type=1111&cert_no=440902199307090413&cert_type=01&custom_name=黎铭&encoding=UTF-8&is_test=Y&merchant_code=80075501010001&order_no=DD160416113540&phone=13428187972&signature=72CB10A4EC7EBD48995BEAACF68E55C6&trade_time=20160416113540&txn_type=00&version=1.0.0',NULL),(16041641922063514,'DD160416113841','80075501010001',1,'account_no=6227003321740369152&account_type=01&auth_type=1111&cert_no=440902199307090413&cert_type=01&custom_name=黎铭&encoding=UTF-8&is_test=Y&merchant_code=80075501010001&order_no=DD160416113841&phone=13428187972&signature=EC902DEDB1BA61A3B7D97FC242615155&trade_time=20160416113841&txn_type=00&version=1.0.0',NULL),(16041642230063921,'DD160416114348','80075501010001',1,'account_no=6227003321740369152&account_type=01&auth_type=1111&cert_no=440902199307090413&cert_type=01&custom_name=黎铭&encoding=UTF-8&is_test=Y&merchant_code=80075501010001&order_no=DD160416114348&phone=13428187972&signature=6D6810610A10D8DC9655F267C9CBF081&trade_time=20160416114348&txn_type=00&version=1.0.0',NULL),(16041642306063283,'DD160416114506','80075501010001',1,'account_no=6227003321740369152&account_type=01&auth_type=1111&cert_no=440902199307090413&cert_type=01&custom_name=黎铭&encoding=UTF-8&is_test=Y&merchant_code=80075501010001&order_no=DD160416114506&phone=13428187972&signature=720DCF743CB0A460083C4C26097307EB&trade_time=20160416114506&txn_type=00&version=1.0.0','resp_code=120001&resp_msg=商户状态异常或商户不存在'),(16041642666063894,'DD160416115105','80075501010001',1,'account_no=6227003321740369152&account_type=01&auth_type=1111&cert_no=440902199307090413&cert_type=01&custom_name=黎铭&encoding=UTF-8&is_test=Y&merchant_code=80075501010001&order_no=DD160416115105&phone=13428187972&signature=C6012A34DBC20E650F595F1034BB4D71&trade_time=20160416115105&txn_type=00&version=1.0.0','resp_code=120001&resp_msg=商户状态异常或商户不存在'),(16041645607063810,'DD160416124007','80075501010001',1,'account_no=6227003321740369152&account_type=01&auth_type=1111&cert_no=440902199307090413&cert_type=01&custom_name=黎铭&encoding=UTF-8&is_test=Y&merchant_code=80075501010001&order_no=DD160416124007&phone=13428187972&signature=F1500BB1DECD7DF4C8C097C22162032B&trade_time=20160416124007&txn_type=00&version=1.0.0','resp_code=120001&resp_msg=商户状态异常或商户不存在'),(16041646046063921,'DD160416124724','80075501010001',1,'account_no=6227003321740369152&account_type=01&auth_type=1111&cert_no=440902199307090413&cert_type=01&custom_name=黎铭&encoding=UTF-8&is_test=N&merchant_code=80075501010001&order_no=DD160416124724&phone=13428187972&signature=FEFD56319CC91C0BB72DE6D311188FEF&trade_time=20160416124724&txn_type=00&version=1.0.0',NULL),(16041646156063534,'DD160416124914','80075501010001',1,'account_no=6227003321740369152&account_type=01&auth_type=1111&cert_no=440902199307090413&cert_type=01&custom_name=黎铭&encoding=UTF-8&is_test=N&merchant_code=80075501010001&order_no=DD160416124914&phone=13428187972&signature=00C4C8052306AE962BD7B6F643AA3792&trade_time=20160416124914&txn_type=00&version=1.0.0',NULL),(16041835197050130,'DD160418094635','80075501010001',1,'account_no=6227003321740369152&account_type=01&auth_type=1111&cert_no=440902199307090413&cert_type=01&custom_name=黎铭&encoding=UTF-8&is_test=N&merchant_code=80075501010001&order_no=DD160418094635&phone=13428187972&signature=C8B3A44754BC8B8586F5E94FAB57A694&trade_time=20160418094635&txn_type=00&version=1.0.0',NULL),(16041835256050946,'DD160418094736','80075501010001',1,'account_no=6227003321740369152&account_type=01&auth_type=1111&cert_no=440902199307090413&cert_type=01&custom_name=黎铭&encoding=UTF-8&is_test=Y&merchant_code=80075501010001&order_no=DD160418094736&phone=13428187972&signature=9AE77B04929BBB35445BA8CDC3B7802F&trade_time=20160418094736&txn_type=00&version=1.0.0','resp_code=000000&resp_msg=交易成功'),(16041836792050237,'DD160418101310','80075501010001',1,'account_no=6227003321740369152&account_type=01&auth_type=1111&cert_no=440902199307090413&cert_type=01&custom_name=黎铭&encoding=UTF-8&is_test=Y&merchant_code=80075501010001&order_no=DD160418101310&phone=13428187972&signature=5C5F39BA441C6DB5AAD377C40EFA0D2E&trade_time=20160418101310&txn_type=00&version=1.0.0','resp_code=000000&resp_msg=交易成功'),(16041837385050324,'DD160418102303','80075501010001',1,'account_no=6227003321740369152&account_type=01&auth_type=1111&cert_no=440902199307090413&cert_type=01&custom_name=黎铭&encoding=UTF-8&is_test=Y&merchant_code=80075501010001&order_no=DD160418102303&phone=13428187972&signature=4E3AFEE7687AB088D315EC1BBF15D443&trade_time=20160418102303&txn_type=00&version=1.0.0','resp_code=000000&resp_msg=交易成功'),(16041837987050159,'DD160418103305','80075501010001',1,'account_no=6227003321740369152&account_type=01&auth_type=1111&cert_no=440902199307090413&cert_type=01&custom_name=黎铭&encoding=UTF-8&is_test=Y&merchant_code=80075501010001&order_no=DD160418103305&phone=13428187972&signature=B234F8135370FD8794BA772D137452AD&trade_time=20160418103305&txn_type=00&version=1.0.0','resp_code=000000&resp_msg=交易成功'),(16041838789050466,'DD160418104628','80075501010001',1,'account_no=6227003321740369152&account_type=01&auth_type=1111&cert_no=440902199307090413&cert_type=01&custom_name=黎铭&encoding=UTF-8&is_test=Y&merchant_code=80075501010001&order_no=DD160418104628&phone=13428187972&signature=1A03FF30CA1FF45D46C21F6C8679EE7C&trade_time=20160418104628&txn_type=00&version=1.0.0','resp_code=000000&resp_msg=交易成功'),(16041840185050274,'DD160418110943','80075501010001',1,'account_no=6227003321740369152&account_type=01&auth_type=1111&cert_no=440902199307090413&cert_type=01&custom_name=黎铭&encoding=UTF-8&is_test=Y&merchant_code=80075501010001&order_no=DD160418110943&phone=13428187972&signature=1CA42C5BA6E1DB93D5B7AEDCFA408430&trade_time=20160418110943&txn_type=00&version=1.0.0','resp_code=000000&resp_msg=交易成功'),(16041840303050327,'DD160418111141','80075501010001',1,'account_no=6227003321740369152&account_type=01&auth_type=1111&cert_no=440902199307090413&cert_type=01&custom_name=黎铭&encoding=UTF-8&is_test=Y&merchant_code=80075501010001&order_no=DD160418111141&phone=13428187972&signature=328CFD8CF63FD7F6D1C9E093C951149E&trade_time=20160418111141&txn_type=00&version=1.0.0','resp_code=000000&resp_msg=交易成功'),(16050437636059878,'DD160504102716','80075501010001',1,'account_no=6227003321740369152&account_type=01&auth_type=1111&cert_no=440902199307090413&cert_type=01&custom_name=黎铭&encoding=UTF-8&is_test=N&merchant_code=80075501010001&order_no=DD160504102716&phone=13428187972&signature=39B98CE54BCA291CDF3EF7C7B96F34F6&trade_time=20160504102716&txn_type=00&version=1.0.0','resp_code=000000&resp_msg=交易成功'),(16050451036059302,'DD160504141036','80075501010001',1,'account_no=6227003321740369152&account_type=01&auth_type=1111&cert_no=440902199307090413&cert_type=01&custom_name=黎铭&encoding=UTF-8&is_test=N&merchant_code=80075501010001&order_no=DD160504141036&phone=13428187972&signature=8B379184AF6215DC63F2D48A98C9A7A5&trade_time=20160504141036&txn_type=00&version=1.0.0','resp_code=000000&resp_msg=交易成功'),(16050454162059485,'DD160504150241','80075501010001',1,'account_no=6227003321740369152&account_type=01&auth_type=1111&cert_no=440902199307090413&cert_type=01&custom_name=黎铭&encoding=UTF-8&is_test=N&merchant_code=80075501010001&order_no=DD160504150241&phone=13428187972&signature=BECA74B8E1000225EFAD81966AEFD018&trade_time=20160504150241&txn_type=00&version=1.0.0','resp_code=000000&resp_msg=交易成功'),(16050455814059119,'DD160504153013','80075501010001',1,'account_no=6227003321740369152&account_type=01&auth_type=1111&cert_no=440902199307090413&cert_type=01&custom_name=黎铭&encoding=UTF-8&is_test=N&merchant_code=80075501010001&order_no=DD160504153013&phone=13428187972&signature=8FA267ABA2740ADF04C7800ED877895B&trade_time=20160504153013&txn_type=00&version=1.0.0','resp_code=000000&resp_msg=交易成功'),(16050456405059720,'DD160504154005','80075501010001',1,'account_no=6227003321740369152&account_type=01&auth_type=1111&cert_no=440902199307090413&cert_type=01&custom_name=黎嘉&encoding=UTF-8&is_test=N&merchant_code=80075501010001&order_no=DD160504154005&phone=13428187972&signature=04A0AD3760D32E13B501EB99DAAE7AB6&trade_time=20160504154005&txn_type=00&version=1.0.0','resp_code=210003&resp_msg=持卡人认证失败'),(16050458605059700,'DD160504153013','80075501010001',2,'encoding=UTF-8&merchant_code=80075501010001&order_no=DD160504153013&txn_type=01&version=1.0.0','resp_code=000000&resp_msg=交易成功'),(16050459122059859,'DD160504162522','80075501010001',1,'account_no=6227003321740369152&account_type=01&auth_type=1111&cert_no=440902199307090413&cert_type=01&custom_name=黎嘉&encoding=UTF-8&is_test=N&merchant_code=80075501010001&order_no=DD160504162522&phone=13428187972&signature=0EDAC9C86F599E84D9AB03F4BF0DE91A&trade_time=20160504162522&txn_type=00&version=1.0.0','resp_code=210003&resp_msg=持卡人认证失败'),(16050459148059982,'DD160504162548','80075501010001',1,'account_no=6227003321740369152&account_type=01&auth_type=1111&cert_no=440902199307090413&cert_type=01&custom_name=黎铭&encoding=UTF-8&is_test=N&merchant_code=80075501010001&order_no=DD160504162548&phone=13428187972&signature=451940B7B8285C7B670762AC8BD9A6D6&trade_time=20160504162548&txn_type=00&version=1.0.0','resp_code=000000&resp_msg=交易成功'),(16050951813059040,'DD160509142332','16042666657104525',1,'account_no=6227003321740369152&account_type=01&auth_type=1111&cert_no=440902199307090413&cert_type=01&custom_name=黎铭&encoding=UTF-8&is_test=N&merchant_code=16042666657104525&order_no=DD160509142332&phone=13428187972&signature=8E5CC7356ECAA383CD36605F8FC84B9E&trade_time=20160509142332&txn_type=00&version=1.0.0','resp_code=000000&resp_msg=交易成功'),(16050951853059761,'DD160509142332','80075501010001',2,'encoding=UTF-8&merchant_code=80075501010001&order_no=DD160509142332&txn_type=01&version=1.0.0','resp_code=120007&resp_msg=商户订单不存在'),(16050951871059833,'DD160509142332','16042666657104525',2,'encoding=UTF-8&merchant_code=16042666657104525&order_no=DD160509142332&txn_type=01&version=1.0.0','resp_code=000000&resp_msg=交易成功'),(16051247553059559,'DD160512131232','16042666657104525',1,'account_no=6227003321740369152&account_type=01&auth_type=1111&cert_no=440902199307090413&cert_type=01&custom_name=黎铭&encoding=UTF-8&is_test=N&merchant_code=16042666657104525&order_no=DD160512131232&phone=13428187972&signature=D144462B7538E266D142BB81F86E817B&trade_time=20160512131232&txn_type=00&version=1.0.0','resp_code=000000&resp_msg=交易成功'),(16051247712059409,'DD160509142332','16042666657104525',2,'encoding=UTF-8&merchant_code=16042666657104525&order_no=DD160509142332&txn_type=01&version=1.0.0','resp_code=000000&resp_msg=交易成功'),(16051360508059281,'DD160513164827','16051358514059177',1,'account_no=6227003321740369152&account_type=01&auth_type=1111&cert_no=440902199307090413&cert_type=01&custom_name=黎铭&encoding=UTF-8&is_test=N&merchant_code=16051358514059177&order_no=DD160513164827&phone=13428187972&signature=7C77999D553A0428FA44E18C71AB7B64&trade_time=20160513164827&txn_type=00&version=1.0.0','resp_code=000000&resp_msg=交易成功'),(16051360667059289,'DD160513165107','16051358514059177',1,'account_no=6227003321740369152&account_type=01&auth_type=1111&cert_no=440902199307090413&cert_type=01&custom_name=黎加&encoding=UTF-8&is_test=N&merchant_code=16051358514059177&order_no=DD160513165107&phone=13428187972&signature=B3F686EB65396BF6F1AB1FFBA7D92A93&trade_time=20160513165107&txn_type=00&version=1.0.0','resp_code=210003&resp_msg=持卡人认证失败'),(16051361869059488,'DD160513171109','16051358147059512',1,'account_no=6227003321740369152&account_type=01&auth_type=1111&cert_no=440902199307090413&cert_type=01&custom_name=黎加&encoding=UTF-8&is_test=N&merchant_code=16051358147059512&order_no=DD160513171109&phone=13428187972&signature=D937D3A5B966D956E914082AE318C94D&trade_time=20160513171109&txn_type=00&version=1.0.0','resp_code=120002&resp_msg=商户余额不足'),(16051362039059867,'DD160513171359','16051358147059512',1,'account_no=6227003321740369152&account_type=01&auth_type=1110&cert_no=440902199307090413&cert_type=01&custom_name=黎加&encoding=UTF-8&is_test=N&merchant_code=16051358147059512&order_no=DD160513171359&signature=C181D4D0544C762D185DF6F98D8A8B7D&trade_time=20160513171359&txn_type=00&version=1.0.0','resp_code=120002&resp_msg=商户余额不足'),(16051362548059518,'DD160513172227','16051358514059177',1,'account_no=6227003321740369152&account_type=01&auth_type=1110&cert_no=440902199307090413&cert_type=01&custom_name=黎加&encoding=UTF-8&is_test=N&merchant_code=16051358514059177&order_no=DD160513172227&signature=1BC9B7EDB1FD15017FE4CCC125EFF979&trade_time=20160513172227&txn_type=00&version=1.0.0','resp_code=110003&resp_msg=签名错误'),(16051362577059603,'DD160513172257','16051358514059177',1,'account_no=6227003321740369152&account_type=01&auth_type=1110&cert_no=440902199307090413&cert_type=01&custom_name=黎加&encoding=UTF-8&is_test=N&merchant_code=16051358514059177&order_no=DD160513172257&signature=EFE114716E8899DA4C34E18A80B861F7&trade_time=20160513172257&txn_type=00&version=1.0.0','resp_code=110003&resp_msg=签名错误'),(16051364052059498,'DD160513174731','16051358514059177',1,'account_no=6227003321740369152&account_type=01&auth_type=1110&cert_no=440902199307090413&cert_type=01&custom_name=黎加&encoding=UTF-8&is_test=N&merchant_code=16051358514059177&order_no=DD160513174731&signature=99A7809A14A0925209B126489BA64FB7&trade_time=20160513174731&txn_type=00&version=1.0.0','resp_code=110003&resp_msg=签名错误'),(16051364130059333,'DD160513174849','16051358514059177',1,'account_no=6227003321740369152&account_type=01&auth_type=1110&cert_no=440902199307090413&cert_type=01&custom_name=黎加&encoding=UTF-8&is_test=N&merchant_code=16051358514059177&order_no=DD160513174849&signature=F19505947E70A903CF89D2E1022C91F5&trade_time=20160513174849&txn_type=00&version=1.0.0','resp_code=110003&resp_msg=签名错误'),(16051364280059284,'DD160513175119','16051358514059177',1,'account_no=6227003321740369152&account_type=01&auth_type=1110&cert_no=440902199307090413&cert_type=01&custom_name=黎加&encoding=UTF-8&is_test=N&merchant_code=16051358514059177&order_no=DD160513175119&signature=34272DEB59F2693427B7947AD1A257BF&trade_time=20160513175119&txn_type=00&version=1.0.0','resp_code=110003&resp_msg=签名错误'),(16051364796059743,'DD160513175956','16051358514059177',1,'account_no=6227003321740369152&account_type=01&auth_type=1110&cert_no=440902199307090413&cert_type=01&custom_name=黎加&encoding=UTF-8&is_test=N&merchant_code=16051358514059177&order_no=DD160513175956&signature=5A5DDA18E38DEAFBF9BB725FD750CF85&trade_time=20160513175956&txn_type=00&version=1.0.0','resp_code=110003&resp_msg=签名错误'),(16051364991059009,'DD160513180310','16051358514059177',1,'account_no=6227003321740369152&account_type=01&auth_type=1110&cert_no=440902199307090413&cert_type=01&custom_name=黎加&encoding=UTF-8&is_test=N&merchant_code=16051358514059177&order_no=DD160513180310&signature=4943ABD1DC97CC3133EBD080EAE097D6&trade_time=20160513180310&txn_type=00&version=1.0.0','resp_code=110003&resp_msg=签名错误'),(16051833313018993,'DD160518091513','16051358514059177',1,'account_no=6227003321740369152&account_type=01&auth_type=1110&cert_no=440902199307090413&cert_type=01&custom_name=黎加&encoding=UTF-8&is_test=N&merchant_code=16051358514059177&order_no=DD160518091513&signature=19746FF9FA29574A3F236651A3E1525D&trade_time=20160518091513&txn_type=00&version=1.0.0','resp_code=210003&resp_msg=持卡人认证失败'),(16051833358018895,'DD160518091558','16051358514059177',1,'account_no=6227003321740369152&account_type=01&auth_type=1110&cert_no=440902199307090413&cert_type=01&custom_name=黎铭&encoding=UTF-8&is_test=N&merchant_code=16051358514059177&order_no=DD160518091558&signature=C9D486AB1C6E00FC2FCE88A7897C8841&trade_time=20160518091558&txn_type=00&version=1.0.0','resp_code=000000&resp_msg=交易成功'),(16051833395018027,'DD160518091634','16051358514059177',1,'account_no=6227003321740369152&account_type=01&auth_type=1100&cert_type=01&custom_name=黎铭&encoding=UTF-8&is_test=N&merchant_code=16051358514059177&order_no=DD160518091634&signature=F0F09B384283C1B74B300365F0755432&trade_time=20160518091634&txn_type=00&version=1.0.0','resp_code=110005&resp_msg=报文格式错误'),(16051833621018284,'DD160518092021','16051358514059177',1,'account_no=6227003321740369152&account_type=01&auth_type=1100&cert_no=440902199307090413&cert_type=01&custom_name=黎铭&encoding=UTF-8&is_test=N&merchant_code=16051358514059177&order_no=DD160518092021&phone=13428187972&signature=FA25B85D6BCD5EE6BF2BC378CD6EF345&trade_time=20160518092021&txn_type=00&version=1.0.0','resp_code=000000&resp_msg=交易成功'),(16051833631018154,'DD160518092031','16051358514059177',1,'account_no=6227003321740369152&account_type=01&auth_type=1100&cert_no=440902199307090413&cert_type=01&custom_name=黎铭&encoding=UTF-8&is_test=N&merchant_code=16051358514059177&order_no=DD160518092031&signature=C030A2D998E41F48A2B7BCCDD6638A1F&trade_time=20160518092031&txn_type=00&version=1.0.0','resp_code=000000&resp_msg=交易成功'),(16051833640018984,'DD160518092040','16051358514059177',1,'account_no=6227003321740369152&account_type=01&auth_type=1100&cert_no=440902199307090413&cert_type=01&encoding=UTF-8&is_test=N&merchant_code=16051358514059177&order_no=DD160518092040&signature=093E4F206B82F5C15667692B9BA7BBE3&trade_time=20160518092040&txn_type=00&version=1.0.0','resp_code=000000&resp_msg=交易成功'),(16051833655018477,'DD160518092055','16051358514059177',1,'account_no=6227003321740369152&account_type=01&auth_type=1100&cert_type=01&encoding=UTF-8&is_test=N&merchant_code=16051358514059177&order_no=DD160518092055&signature=6FED2D311F515D6E13664A697285495D&trade_time=20160518092055&txn_type=00&version=1.0.0','resp_code=110005&resp_msg=报文格式错误'),(16051833662018505,'DD160518092102','16051358514059177',1,'account_no=6227003321740369152&account_type=01&auth_type=1100&cert_type=01&custom_name=黎铭&encoding=UTF-8&is_test=N&merchant_code=16051358514059177&order_no=DD160518092102&signature=440C3377F4E19F8C3E40B153B64A5EEE&trade_time=20160518092102&txn_type=00&version=1.0.0','resp_code=110005&resp_msg=报文格式错误'),(16051833707018591,'DD160518092147','16051358514059177',1,'account_no=6227003321740369152&account_type=01&auth_type=1100&cert_type=01&encoding=UTF-8&is_test=Y&merchant_code=16051358514059177&order_no=DD160518092147&signature=E51BD23CE25B7892B037BBD20C303B6A&trade_time=20160518092147&txn_type=00&version=1.0.0','resp_code=110005&resp_msg=报文格式错误'),(16051833716018575,'DD160518092156','16051358514059177',1,'account_no=6227003321740369152&account_type=01&auth_type=1100&cert_type=01&custom_name=黎铭&encoding=UTF-8&is_test=Y&merchant_code=16051358514059177&order_no=DD160518092156&signature=4FFD418A87EFB3AF04542A510186AE6F&trade_time=20160518092156&txn_type=00&version=1.0.0','resp_code=110005&resp_msg=报文格式错误'),(16051833723018970,'DD160518092203','16051358514059177',1,'account_no=6227003321740369152&account_type=01&auth_type=1100&cert_type=01&encoding=UTF-8&is_test=Y&merchant_code=16051358514059177&order_no=DD160518092203&phone=13428187972&signature=40D6FB103F59C93359E48EB78A01D18D&trade_time=20160518092203&txn_type=00&version=1.0.0','resp_code=110005&resp_msg=报文格式错误'),(16051833830018890,'DD160518092350','16051358514059177',1,'account_no=6227003321740369152&account_type=01&auth_type=1100&cert_type=01&custom_name=黎铭&encoding=UTF-8&is_test=Y&merchant_code=16051358514059177&order_no=DD160518092350&signature=1DF2E508C5BA1C615E7DF058ED964A59&trade_time=20160518092350&txn_type=00&version=1.0.0','resp_code=110005&resp_msg=报文格式错误'),(16051833886018118,'DD160518092446','16051358514059177',1,'account_no=6227003321740369152&account_type=01&auth_type=1100&cert_type=01&custom_name=黎铭&encoding=UTF-8&is_test=Y&merchant_code=16051358514059177&order_no=DD160518092446&phone=13428187972&signature=7334BB7709850934E0046BD22877D299&trade_time=20160518092446&txn_type=00&version=1.0.0','resp_code=110005&resp_msg=报文格式错误'),(16051833899018321,'DD160518092459','16051358514059177',1,'account_no=6227003321740369152&account_type=01&auth_type=1100&cert_no=440902199307090413&cert_type=01&encoding=UTF-8&is_test=Y&merchant_code=16051358514059177&order_no=DD160518092459&phone=13428187972&signature=94AD2B35847B6CF23423DFFF7E6FF930&trade_time=20160518092459&txn_type=00&version=1.0.0','resp_code=000000&resp_msg=交易成功'),(16051833988018990,'DD160518092628','16051358514059177',1,'account_type=01&auth_type=1100&cert_no=440902199307090413&cert_type=01&encoding=UTF-8&is_test=Y&merchant_code=16051358514059177&order_no=DD160518092628&phone=13428187972&signature=8F21D29E560FA6874A1BC993EF29BDDF&trade_time=20160518092628&txn_type=00&version=1.0.0',NULL),(16051834653018182,'DD160518093733','16051358514059177',1,'account_no=6227003321740369152&account_type=01&auth_type=1110&cert_no=440902199307090413&cert_type=01&custom_name=黎铭&encoding=UTF-8&is_test=Y&merchant_code=16051358514059177&order_no=DD160518093733&signature=8E39F9C0CE56B732419A2091901F065D&trade_time=20160518093733&txn_type=00&version=1.0.0','resp_code=000000&resp_msg=交易成功'),(16051834664018472,'DD160518093744','16051358514059177',1,'account_no=6227003321740369152&account_type=01&auth_type=1110&cert_no=440902199307090413&cert_type=01&custom_name=黎铭&encoding=UTF-8&is_test=Y&merchant_code=16051358514059177&order_no=DD160518093744&signature=C511489DFF5229A5D2EC0AA384281ECF&trade_time=20160518093744&txn_type=00&version=1.0.0','resp_code=000000&resp_msg=交易成功'),(16051834736018722,'DD160518093856','16051358514059177',1,'account_no=6227003321740369152&account_type=01&auth_type=1110&cert_no=440902199307090413&cert_type=01&custom_name=黎铭&encoding=UTF-8&is_test=N&merchant_code=16051358514059177&order_no=DD160518093856&signature=903E55B4BDC1582EC2D50ED8CF56230A&trade_time=20160518093856&txn_type=00&version=1.0.0','resp_code=000000&resp_msg=交易成功'),(16051834786018983,'DD160518093946','16051358514059177',1,'account_no=6227003321740369152&account_type=01&auth_type=1100&cert_no=440902199307090413&cert_type=01&encoding=UTF-8&is_test=N&merchant_code=16051358514059177&order_no=DD160518093946&signature=5EC05C98B0733CF46D5F183B447B2C04&trade_time=20160518093946&txn_type=00&version=1.0.0','resp_code=000000&resp_msg=交易成功'),(16051834810018848,'DD160518094010','16051358514059177',1,'account_no=6227003321740369152&account_type=01&auth_type=1010&cert_type=01&custom_name=黎铭&encoding=UTF-8&is_test=N&merchant_code=16051358514059177&order_no=DD160518094010&signature=03A5CEA50BE5EE14A8442FF55FA0DEF2&trade_time=20160518094010&txn_type=00&version=1.0.0','resp_code=000000&resp_msg=交易成功'),(16051834828018289,'DD160518094028','16051358514059177',1,'account_no=6227003321740369152&account_type=01&auth_type=1001&cert_type=01&encoding=UTF-8&is_test=N&merchant_code=16051358514059177&order_no=DD160518094028&phone=13428187972&signature=06A01534519630EDD6D237DA9F4E0BB8&trade_time=20160518094028&txn_type=00&version=1.0.0','resp_code=000000&resp_msg=交易成功'),(16051834927018743,'DD160518094207','16051358514059177',1,'account_type=01&auth_type=0111&cert_no=440902199307090413&cert_type=01&custom_name=黎铭&encoding=UTF-8&is_test=N&merchant_code=16051358514059177&order_no=DD160518094207&phone=13428187972&signature=FC553BB6B98327D8F0D6FA8D9D8D5DE6&trade_time=20160518094207&txn_type=00&version=1.0.0','resp_code=110004&resp_msg=auth_type字段格式错误'),(16051834948018579,'DD160518094228','16051358514059177',1,'account_no=6227003321740369152&account_type=01&auth_type=1111&cert_no=440902199307090413&cert_type=01&custom_name=黎铭&encoding=UTF-8&is_test=N&merchant_code=16051358514059177&order_no=DD160518094228&phone=13428187972&signature=2A9FE429189B21332206F8E54B67C8A1&trade_time=20160518094228&txn_type=00&version=1.0.0','resp_code=000000&resp_msg=交易成功'),(16051834967018066,'DD160518094247','16051358514059177',1,'account_no=6227003321740369152&account_type=01&auth_type=1001&cert_type=01&encoding=UTF-8&is_test=N&merchant_code=16051358514059177&order_no=DD160518094247&phone=13428187972&signature=4CAD35C7AC77CEF71E20130BF9ACA8E2&trade_time=20160518094247&txn_type=00&version=1.0.0','resp_code=000000&resp_msg=交易成功'),(16051834985018000,'DD160518094304','16051358514059177',1,'account_no=6227003321740369152&account_type=01&auth_type=1001&cert_type=01&custom_name=黎铭&encoding=UTF-8&is_test=N&merchant_code=16051358514059177&order_no=DD160518094304&signature=8636CECA6B76CAA7385E1499F1901CA3&trade_time=20160518094304&txn_type=00&version=1.0.0','resp_code=110005&resp_msg=报文格式错误'),(16051834994018055,'DD160518094314','16051358514059177',1,'account_no=6227003321740369152&account_type=01&auth_type=1010&cert_type=01&custom_name=黎铭&encoding=UTF-8&is_test=N&merchant_code=16051358514059177&order_no=DD160518094314&signature=06179206390BC3A2FCF04C6BE4DB79DA&trade_time=20160518094314&txn_type=00&version=1.0.0','resp_code=000000&resp_msg=交易成功'),(16051835007018276,'DD160518094327','16051358514059177',1,'account_no=6227003321740369152&account_type=01&auth_type=1011&cert_type=01&custom_name=黎铭&encoding=UTF-8&is_test=N&merchant_code=16051358514059177&order_no=DD160518094327&phone=13428187972&signature=DBC31CFF1D3C1F39057F7564BD1E516C&trade_time=20160518094327&txn_type=00&version=1.0.0','resp_code=000000&resp_msg=交易成功'),(16051835025018921,'DD160518094345','16051358514059177',1,'account_no=6227003321740369152&account_type=01&auth_type=1100&cert_no=440902199307090413&cert_type=01&encoding=UTF-8&is_test=N&merchant_code=16051358514059177&order_no=DD160518094345&signature=CA85403E72F6D8DC573799D88BA69E8A&trade_time=20160518094345&txn_type=00&version=1.0.0','resp_code=000000&resp_msg=交易成功'),(16051835042018019,'DD160518094401','16051358514059177',1,'account_no=6227003321740369152&account_type=01&auth_type=1101&cert_no=440902199307090413&cert_type=01&encoding=UTF-8&is_test=N&merchant_code=16051358514059177&order_no=DD160518094401&phone=13428187972&signature=5F317D85273DFBB345BF455A0567B93E&trade_time=20160518094401&txn_type=00&version=1.0.0','resp_code=000000&resp_msg=交易成功'),(16051835056018034,'DD160518094415','16051358514059177',1,'account_no=6227003321740369152&account_type=01&auth_type=1110&cert_no=440902199307090413&cert_type=01&custom_name=黎铭&encoding=UTF-8&is_test=N&merchant_code=16051358514059177&order_no=DD160518094415&signature=6BA7FCC1913C95337AB4C852947A9702&trade_time=20160518094415&txn_type=00&version=1.0.0','resp_code=000000&resp_msg=交易成功'),(16051835076018765,'DD160518094436','16051358514059177',1,'account_no=6227003321740369152&account_type=01&auth_type=1111&cert_no=440902199307090413&cert_type=01&custom_name=黎铭&encoding=UTF-8&is_test=N&merchant_code=16051358514059177&order_no=DD160518094436&phone=13428187972&signature=C72A7F9F4D41CA45BD03998B19AECC1A&trade_time=20160518094436&txn_type=00&version=1.0.0','resp_code=000000&resp_msg=交易成功'),(16051858618018980,'DD160518161658','16051358514059177',1,'account_no=6227003321740369152&account_type=01&auth_type=1111&cert_no=440902199307090413&cert_type=01&custom_name=黎铭&encoding=UTF-8&is_test=N&merchant_code=16051358514059177&order_no=DD160518161658&phone=13428187972&signature=5482D2ABA6C32BEE8EAA97F4E2415281&trade_time=20160518161658&txn_type=00&version=1.0.0','resp_code=000000&resp_msg=交易成功'),(16051858650018342,'DD160518161730','16051358514059177',1,'account_no=6227003321740369152&account_type=01&auth_type=1111&cert_no=440902199307090413&cert_type=01&custom_name=黎铭&encoding=UTF-8&is_test=N&merchant_code=16051358514059177&order_no=DD160518161730&phone=13428187972&signature=B0CD56C9976C88B84BBEEA957E3FC219&trade_time=20160518161730&txn_type=00&version=1.0.0','resp_code=000000&resp_msg=交易成功'),(16051858715018038,'DD160518161835','16051358514059177',1,'account_no=6227003321740369152&account_type=01&auth_type=1111&cert_no=440902199307090413&cert_type=01&custom_name=黎铭&encoding=UTF-8&is_test=N&merchant_code=16051358514059177&order_no=DD160518161835&phone=13428187972&signature=F674EC19C4727DCBEDE090255ABEE818&trade_time=20160518161835&txn_type=00&version=1.0.0','resp_code=000000&resp_msg=交易成功'),(16051858841018472,'DD160518162041','16051358514059177',1,'account_no=6227003321740369152&account_type=01&auth_type=1111&cert_no=440902199307090413&cert_type=01&custom_name=黎铭&encoding=UTF-8&is_test=N&merchant_code=16051358514059177&order_no=DD160518162041&phone=13428187972&signature=8AA2D826FFBCFB7B841CCC650516D2E9&trade_time=20160518162041&txn_type=00&version=1.0.0','resp_code=000000&resp_msg=交易成功'),(16051858914018010,'DD160518162153','16051358514059177',1,'account_no=6227003321740369152&account_type=01&auth_type=1111&cert_no=440902199307090413&cert_type=01&custom_name=黎铭&encoding=UTF-8&is_test=Y&merchant_code=16051358514059177&order_no=DD160518162153&phone=13428187972&signature=140DB8A05FEFC1F9D95A9616621B1675&trade_time=20160518162153&txn_type=00&version=1.0.0','resp_code=000000&resp_msg=交易成功');

/*Table structure for table `aut_trade` */

DROP TABLE IF EXISTS `aut_trade`;

CREATE TABLE `aut_trade` (
  `trade_no` varchar(20) COLLATE utf8_bin NOT NULL,
  `product_code` varchar(20) COLLATE utf8_bin DEFAULT NULL,
  `merchant_code` varchar(24) COLLATE utf8_bin NOT NULL,
  `full_name` varchar(50) COLLATE utf8_bin DEFAULT NULL,
  `merchant_trade_no` varchar(32) COLLATE utf8_bin NOT NULL,
  `channel_trade_no` varchar(32) COLLATE utf8_bin DEFAULT NULL,
  `agency_code` varchar(20) COLLATE utf8_bin DEFAULT NULL,
  `trade_time` datetime DEFAULT NULL,
  `auth_type` varchar(10) COLLATE utf8_bin NOT NULL,
  `account_no` varchar(21) COLLATE utf8_bin NOT NULL,
  `cert_type` char(2) COLLATE utf8_bin DEFAULT NULL,
  `cert_no` varchar(20) COLLATE utf8_bin DEFAULT NULL,
  `custom_name` varchar(30) COLLATE utf8_bin DEFAULT NULL,
  `phone` varchar(11) COLLATE utf8_bin DEFAULT NULL,
  `fee` decimal(18,2) DEFAULT NULL,
  `is_write_off` char(1) COLLATE utf8_bin DEFAULT NULL,
  `resp_code` varchar(6) COLLATE utf8_bin DEFAULT NULL,
  `resp_msg` varchar(30) COLLATE utf8_bin DEFAULT NULL,
  `is_test` char(1) COLLATE utf8_bin DEFAULT NULL,
  `status` int(11) DEFAULT NULL,
  `notify_url` varchar(256) COLLATE utf8_bin DEFAULT NULL,
  `notify_status` int(11) DEFAULT NULL,
  `notify_num` int(11) DEFAULT NULL,
  `notify_time` datetime DEFAULT NULL,
  PRIMARY KEY (`trade_no`)
) ENGINE=InnoDB DEFAULT CHARSET=utf8 COLLATE=utf8_bin;

/*Data for the table `aut_trade` */

insert  into `aut_trade`(`trade_no`,`product_code`,`merchant_code`,`full_name`,`merchant_trade_no`,`channel_trade_no`,`agency_code`,`trade_time`,`auth_type`,`account_no`,`cert_type`,`cert_no`,`custom_name`,`phone`,`fee`,`is_write_off`,`resp_code`,`resp_msg`,`is_test`,`status`,`notify_url`,`notify_status`,`notify_num`,`notify_time`) values ('16041642306063363','common','80075501010001',NULL,'DD160416114506',NULL,NULL,'2016-04-16 11:45:06','1111','6227003321740369152','01','440902199307090413','黎铭','13428187972','0.20','N',NULL,NULL,'Y',0,NULL,0,0,NULL),('16041642667063689','common','80075501010001',NULL,'DD160416115105',NULL,NULL,'2016-04-16 11:51:05','1111','6227003321740369152','01','440902199307090413','黎铭','13428187972','0.20','N',NULL,NULL,'Y',0,NULL,0,0,NULL),('16041645607063919','common','80075501010001',NULL,'DD160416124007',NULL,NULL,'2016-04-16 12:40:07','1111','6227003321740369152','01','440902199307090413','黎铭','13428187972','0.20','N',NULL,NULL,'Y',0,NULL,0,0,NULL),('16041646157063386','common','80075501010001',NULL,'DD160416124914',NULL,NULL,'2016-04-16 12:49:14','1111','6227003321740369152','01','440902199307090413','黎铭','13428187972','0.20','N',NULL,NULL,'N',0,NULL,0,0,NULL),('16041835198050118','common','80075501010001',NULL,'DD160418094635',NULL,NULL,'2016-04-18 09:46:35','1111','6227003321740369152','01','440902199307090413','黎铭','13428187972','0.20','N',NULL,NULL,'N',0,NULL,0,0,NULL),('16041835257050002','common','80075501010001',NULL,'DD160418094736','10000000001','shengda','2016-04-18 09:47:36','1111','6227003321740369152','01','440902199307090413','黎铭','13428187972','0.20','N','000000','成功','Y',3,NULL,1,0,NULL),('16041836793050606','common','80075501010001',NULL,'DD160418101310','10000000001','shengda','2016-04-18 10:13:10','1111','6227003321740369152','01','440902199307090413','黎铭','13428187972','0.20','N','000000','成功','Y',3,NULL,1,0,NULL),('16041837386050475','common','80075501010001',NULL,'DD160418102303','10000000001','shengda','2016-04-18 10:23:03','1111','6227003321740369152','01','440902199307090413','黎铭','13428187972','0.20','N','000000','成功','Y',3,NULL,1,0,NULL),('16041837988050373','common','80075501010001',NULL,'DD160418103305','10000000001','shengda','2016-04-18 10:33:05','1111','6227003321740369152','01','440902199307090413','黎铭','13428187972','0.20','N','000000','成功','Y',3,NULL,1,0,NULL),('16041838790050508','common','80075501010001',NULL,'DD160418104628','10000000001','shengda','2016-04-18 10:46:28','1111','6227003321740369152','01','440902199307090413','黎铭','13428187972','0.20','N','000000','成功','Y',3,NULL,1,0,NULL),('16041840186050344','common','80075501010001',NULL,'DD160418110943','10000000001','shengda','2016-04-18 11:09:43','1111','6227003321740369152','01','440902199307090413','黎铭','13428187972','0.20','N','000000','成功','Y',3,NULL,1,0,NULL),('16041840304050402','common','80075501010001',NULL,'DD160418111141','10000000001','shengda','2016-04-18 11:11:41','1111','6227003321740369152','01','440902199307090413','黎铭','13428187972','0.20','N','000000','成功','Y',3,NULL,1,0,NULL),('16050437636059926','common','80075501010001',NULL,'DD160504102716',NULL,'shengda','2016-05-04 10:27:16','1111','6227003321740369152','01','440902199307090413','黎铭','13428187972','0.20','N','000000','交易成功','N',3,NULL,1,0,NULL),('16050451036059309','common','80075501010001',NULL,'DD160504141036',NULL,'shengda','2016-05-04 14:10:36','1111','6227003321740369152','01','440902199307090413','黎铭','13428187972','0.20','N','000000','交易成功','N',3,NULL,1,0,NULL),('16050454162059526','common','80075501010001',NULL,'DD160504150241',NULL,'shengda','2016-05-04 15:02:41','1111','6227003321740369152','01','440902199307090413','黎铭','13428187972','0.20','N','000000','交易成功','N',3,NULL,1,0,NULL),('16050455814059159','common','80075501010001',NULL,'DD160504153013','1462347014164','shengda','2016-05-04 15:30:13','1111','6227003321740369152','01','440902199307090413','黎铭','13428187972','0.20','N','000000','交易成功','N',3,NULL,1,0,NULL),('16050456405059724','common','80075501010001',NULL,'DD160504154005','1462347605727','shengda','2016-05-04 15:40:05','1111','6227003321740369152','01','440902199307090413','黎嘉','13428187972','0.20','N','210003','持卡人认证失败','N',2,NULL,1,0,NULL),('16050459122059920','common','80075501010001',NULL,'DD160504162522','1462350322925','shengda','2016-05-04 16:25:22','1111','6227003321740369152','01','440902199307090413','黎嘉','13428187972','0.20','N','210003','持卡人认证失败','N',2,NULL,1,0,NULL),('16050459149059017','common','80075501010001',NULL,'DD160504162548','1462350349125','shengda','2016-05-04 16:25:48','1111','6227003321740369152','01','440902199307090413','黎铭','13428187972','0.20','N','000000','交易成功','N',3,NULL,1,0,NULL),('16050951813059104','common','16042666657104525',NULL,'DD160509142332','1462775013109','shengda','2016-05-09 14:23:32','1111','6227003321740369152','01','440902199307090413','黎铭','13428187972','0.20','N','000000','交易成功','N',3,NULL,1,0,NULL),('16051247553059612','common','16042666657104525',NULL,'DD160512131232','1463029953617','shengda','2016-05-12 13:12:32','1111','6227003321740369152','01','440902199307090413','黎铭','13428187972','0.20','N','000000','交易成功','N',3,NULL,1,NULL,NULL),('16051360508059320','common','16051358514059177',NULL,'DD160513164827','1463129308326','shengda','2016-05-13 16:48:27','1111','6227003321740369152','01','440902199307090413','黎铭','13428187972','0.20','N','000000','交易成功','N',3,NULL,1,NULL,NULL),('16051360667059294','common','16051358514059177',NULL,'DD160513165107','1463129467297','shengda','2016-05-13 16:51:07','1111','6227003321740369152','01','440902199307090413','黎加','13428187972','0.20','N','210003','持卡人认证失败','N',2,NULL,1,NULL,NULL),('16051361869059492','common','16051358147059512',NULL,'DD160513171109',NULL,'shengda','2016-05-13 17:11:09','1111','6227003321740369152','01','440902199307090413','黎加','13428187972','0.20','N',NULL,NULL,'N',2,NULL,1,NULL,NULL),('16051362039059871','common','16051358147059512',NULL,'DD160513171359',NULL,'shengda','2016-05-13 17:13:59','1110','6227003321740369152','01','440902199307090413','黎加',NULL,'0.20','N',NULL,NULL,'N',2,NULL,1,NULL,NULL),('16051362548059570','common','16051358514059177',NULL,'DD160513172227',NULL,'shengda','2016-05-13 17:22:27','1110','6227003321740369152','01','440902199307090413','黎加',NULL,'0.20','N',NULL,NULL,'N',2,NULL,1,NULL,NULL),('16051362577059607','common','16051358514059177',NULL,'DD160513172257',NULL,'shengda','2016-05-13 17:22:57','1110','6227003321740369152','01','440902199307090413','黎加',NULL,'0.20','N',NULL,NULL,'N',2,NULL,1,NULL,NULL),('16051364052059562','common','16051358514059177',NULL,'DD160513174731',NULL,'shengda','2016-05-13 17:47:31','1110','6227003321740369152','01','440902199307090413','黎加',NULL,'0.20','N',NULL,NULL,'N',2,NULL,1,NULL,NULL),('16051364130059381','common','16051358514059177',NULL,'DD160513174849',NULL,'shengda','2016-05-13 17:48:49','1110','6227003321740369152','01','440902199307090413','黎加',NULL,'0.20','N',NULL,NULL,'N',2,NULL,1,NULL,NULL),('16051364280059325','common','16051358514059177',NULL,'DD160513175119',NULL,'shengda','2016-05-13 17:51:19','1110','6227003321740369152','01','440902199307090413','黎加',NULL,'0.20','N',NULL,NULL,'N',2,NULL,1,NULL,NULL),('16051364796059784','common','16051358514059177',NULL,'DD160513175956',NULL,'shengda','2016-05-13 17:59:56','1110','6227003321740369152','01','440902199307090413','黎加',NULL,'0.20','N',NULL,NULL,'N',2,NULL,1,NULL,NULL),('16051364991059052','common','16051358514059177',NULL,'DD160513180310',NULL,'shengda','2016-05-13 18:03:10','1110','6227003321740369152','01','440902199307090413','黎加',NULL,'0.20','N',NULL,NULL,'N',2,NULL,1,NULL,NULL),('16051833314018107','common','16051358514059177',NULL,'DD160518091513','1463534114145','shengda','2016-05-18 09:15:13','1110','6227003321740369152','01','440902199307090413','黎加',NULL,'0.20','N','210003','持卡人认证失败','N',2,NULL,1,NULL,NULL),('16051833358018900','common','16051358514059177',NULL,'DD160518091558','1463534158906','shengda','2016-05-18 09:15:58','1110','6227003321740369152','01','440902199307090413','黎铭',NULL,'0.20','N','000000','交易成功','N',3,NULL,1,NULL,NULL),('16051833621018289','common','16051358514059177',NULL,'DD160518092021','1463534421292','shengda','2016-05-18 09:20:21','1100','6227003321740369152','01','440902199307090413','黎铭','13428187972','0.20','N','000000','交易成功','N',3,NULL,1,NULL,NULL),('16051833631018157','common','16051358514059177',NULL,'DD160518092031','1463534431162','shengda','2016-05-18 09:20:31','1100','6227003321740369152','01','440902199307090413','黎铭',NULL,'0.20','N','000000','交易成功','N',3,NULL,1,NULL,NULL),('16051833640018987','common','16051358514059177',NULL,'DD160518092040','1463534440990','shengda','2016-05-18 09:20:40','1100','6227003321740369152','01','440902199307090413',NULL,NULL,'0.20','N','000000','交易成功','N',3,NULL,1,NULL,NULL),('16051833899018324','common','16051358514059177',NULL,'DD160518092459','10000000001','shengda','2016-05-18 09:24:59','1100','6227003321740369152','01','440902199307090413',NULL,'13428187972','0.20','N','000000','成功','Y',3,NULL,1,NULL,NULL),('16051834653018187','common','16051358514059177',NULL,'DD160518093733','10000000001','shengda','2016-05-18 09:37:33','1110','6227003321740369152','01','440902199307090413','黎铭',NULL,'0.20','N','000000','成功','Y',3,NULL,1,NULL,NULL),('16051834664018548','common','16051358514059177',NULL,'DD160518093744','10000000001','shengda','2016-05-18 09:37:44','1110','6227003321740369152','01','440902199307090413','黎铭',NULL,'0.20','N','000000','成功','Y',3,NULL,1,NULL,NULL),('16051834736018727','common','16051358514059177',NULL,'DD160518093856','1463535536731','shengda','2016-05-18 09:38:56','1110','6227003321740369152','01','440902199307090413','黎铭',NULL,'0.20','N','000000','交易成功','N',3,NULL,1,NULL,NULL),('16051834786018987','common','16051358514059177',NULL,'DD160518093946','1463535586991','shengda','2016-05-18 09:39:46','1100','6227003321740369152','01','440902199307090413',NULL,NULL,'0.20','N','000000','交易成功','N',3,NULL,1,NULL,NULL),('16051834810018852','common','16051358514059177',NULL,'DD160518094010','1463535610921','shengda','2016-05-18 09:40:10','1010','6227003321740369152','01',NULL,'黎铭',NULL,'0.20','N','000000','交易成功','N',3,NULL,1,NULL,NULL),('16051834828018294','common','16051358514059177',NULL,'DD160518094028','1463535628296','shengda','2016-05-18 09:40:28','1001','6227003321740369152','01',NULL,NULL,'13428187972','0.20','N','000000','交易成功','N',3,NULL,1,NULL,NULL),('16051834948018583','common','16051358514059177',NULL,'DD160518094228','1463535748585','shengda','2016-05-18 09:42:28','1111','6227003321740369152','01','440902199307090413','黎铭','13428187972','0.20','N','000000','交易成功','N',3,NULL,1,NULL,NULL),('16051834967018070','common','16051358514059177',NULL,'DD160518094247','1463535767073','shengda','2016-05-18 09:42:47','1001','6227003321740369152','01',NULL,NULL,'13428187972','0.20','N','000000','交易成功','N',3,NULL,1,NULL,NULL),('16051834994018058','common','16051358514059177',NULL,'DD160518094314','1463535794060','shengda','2016-05-18 09:43:14','1010','6227003321740369152','01',NULL,'黎铭',NULL,'0.20','N','000000','交易成功','N',3,NULL,1,NULL,NULL),('16051835007018343','common','16051358514059177',NULL,'DD160518094327','1463535807348','shengda','2016-05-18 09:43:27','1011','6227003321740369152','01',NULL,'黎铭','13428187972','0.20','N','000000','交易成功','N',3,NULL,1,NULL,NULL),('16051835025018924','common','16051358514059177',NULL,'DD160518094345','1463535825927','shengda','2016-05-18 09:43:45','1100','6227003321740369152','01','440902199307090413',NULL,NULL,'0.20','N','000000','交易成功','N',3,NULL,1,NULL,NULL),('16051835042018023','common','16051358514059177',NULL,'DD160518094401','1463535842026','shengda','2016-05-18 09:44:01','1101','6227003321740369152','01','440902199307090413',NULL,'13428187972','0.20','N','000000','交易成功','N',3,NULL,1,NULL,NULL),('16051835056018038','common','16051358514059177',NULL,'DD160518094415','1463535856043','shengda','2016-05-18 09:44:15','1110','6227003321740369152','01','440902199307090413','黎铭',NULL,'0.20','N','000000','交易成功','N',3,NULL,1,NULL,NULL),('16051835076018767','common','16051358514059177',NULL,'DD160518094436','1463535876769','shengda','2016-05-18 09:44:36','1111','6227003321740369152','01','440902199307090413','黎铭','13428187972','0.20','N','000000','交易成功','N',3,NULL,1,NULL,NULL),('16051858619018020','common','16051358514059177',NULL,'DD160518161658','1463559419027','shengda','2016-05-18 16:16:58','1111','6227003321740369152','01','440902199307090413','黎铭','13428187972','0.20','N','000000','交易成功','N',3,NULL,1,NULL,NULL),('16051858650018346','common','16051358514059177',NULL,'DD160518161730','1463559450350','shengda','2016-05-18 16:17:30','1111','6227003321740369152','01','440902199307090413','黎铭','13428187972','0.20','N','000000','交易成功','N',3,NULL,1,NULL,NULL),('16051858715018041','common','16051358514059177',NULL,'DD160518161835','1463559515045','shengda','2016-05-18 16:18:35','1111','6227003321740369152','01','440902199307090413','黎铭','13428187972','0.20','N','000000','交易成功','N',3,NULL,1,NULL,NULL),('16051858841018472','common','16051358514059177',NULL,'DD160518162041','1463559641472','shengda','2016-05-18 16:20:41','1111','6227003321740369152','01','440902199307090413','黎铭','13428187972','0.20','N','000000','交易成功','N',3,NULL,1,NULL,NULL),('16051858914018013','common','16051358514059177',NULL,'DD160518162153','10000000001','shengda','2016-05-18 16:21:53','1111','6227003321740369152','01','440902199307090413','黎铭','13428187972','0.20','N','000000','成功','Y',3,NULL,1,NULL,NULL);

/*Table structure for table `bdm_merchant` */

DROP TABLE IF EXISTS `bdm_merchant`;

CREATE TABLE `bdm_merchant` (
  `merchant_code` varchar(24) COLLATE utf8_bin NOT NULL,
  `full_name` varchar(50) COLLATE utf8_bin NOT NULL,
  `short_name` varchar(20) COLLATE utf8_bin DEFAULT NULL,
  `status` char(1) COLLATE utf8_bin NOT NULL,
  `list_flag` char(1) COLLATE utf8_bin NOT NULL,
  `level` char(2) COLLATE utf8_bin NOT NULL,
  `site_name` varchar(50) COLLATE utf8_bin NOT NULL,
  `site_address` varchar(50) COLLATE utf8_bin NOT NULL,
  `business_license` varchar(30) COLLATE utf8_bin DEFAULT NULL,
  `org_code` varchar(30) COLLATE utf8_bin DEFAULT NULL,
  `id_duration_start` int(8) DEFAULT NULL,
  `id_duration_end` int(8) DEFAULT NULL,
  `represent_name` varchar(10) COLLATE utf8_bin DEFAULT NULL,
  `represent_id_code` varchar(50) COLLATE utf8_bin DEFAULT NULL,
  `business_scope` char(2) COLLATE utf8_bin DEFAULT NULL,
  `registered_capital` decimal(18,2) DEFAULT NULL,
  `registered_address` varchar(50) COLLATE utf8_bin DEFAULT NULL,
  `industry_class` char(2) COLLATE utf8_bin DEFAULT NULL,
  `company_email` varchar(30) COLLATE utf8_bin DEFAULT NULL,
  `company_address` varchar(50) COLLATE utf8_bin DEFAULT NULL,
  `company_phone` varchar(20) COLLATE utf8_bin DEFAULT NULL,
  `company_tax` varchar(20) COLLATE utf8_bin DEFAULT NULL,
  `contact_name` varchar(10) COLLATE utf8_bin DEFAULT NULL,
  `contact_position` varchar(20) COLLATE utf8_bin DEFAULT NULL,
  `contact_sex` char(1) COLLATE utf8_bin DEFAULT NULL,
  `contact_email` varchar(20) COLLATE utf8_bin DEFAULT NULL,
  `phone` varchar(20) COLLATE utf8_bin DEFAULT NULL,
  `tel` varchar(20) COLLATE utf8_bin DEFAULT NULL,
  `qq` varchar(10) COLLATE utf8_bin DEFAULT NULL,
  `create_user_id` varchar(24) COLLATE utf8_bin NOT NULL,
  `update_user_id` varchar(24) COLLATE utf8_bin DEFAULT NULL,
  `create_time` datetime NOT NULL,
  `last_update_time` datetime DEFAULT NULL,
  PRIMARY KEY (`merchant_code`)
) ENGINE=InnoDB DEFAULT CHARSET=utf8 COLLATE=utf8_bin;

/*Data for the table `bdm_merchant` */

insert  into `bdm_merchant`(`merchant_code`,`full_name`,`short_name`,`status`,`list_flag`,`level`,`site_name`,`site_address`,`business_license`,`org_code`,`id_duration_start`,`id_duration_end`,`represent_name`,`represent_id_code`,`business_scope`,`registered_capital`,`registered_address`,`industry_class`,`company_email`,`company_address`,`company_phone`,`company_tax`,`contact_name`,`contact_position`,`contact_sex`,`contact_email`,`phone`,`tel`,`qq`,`create_user_id`,`update_user_id`,`create_time`,`last_update_time`) values ('16042666657104525','汇银通',NULL,'1','1','00','信用宝支付系统','http://www.tclpay.cn',NULL,NULL,NULL,NULL,NULL,NULL,NULL,NULL,NULL,NULL,NULL,NULL,NULL,NULL,NULL,NULL,NULL,NULL,NULL,NULL,NULL,'admin','admin','2016-04-26 18:30:58','2016-05-04 10:29:49'),('16051358147059512','百度',NULL,'1','1','00','百度一下','http://www.baidu.com',NULL,NULL,NULL,NULL,NULL,NULL,NULL,NULL,NULL,NULL,NULL,NULL,NULL,NULL,NULL,NULL,NULL,NULL,NULL,NULL,NULL,'admin',NULL,'2016-05-13 16:09:08',NULL),('16051358514059177','百度',NULL,'1','1','00','百度一下','http://www.baidu.com',NULL,NULL,NULL,NULL,NULL,NULL,NULL,NULL,NULL,NULL,NULL,NULL,NULL,NULL,NULL,NULL,NULL,NULL,NULL,NULL,NULL,'admin',NULL,'2016-05-13 16:15:14',NULL),('80075501010001','测试商户','测试商户','1','1','00','www.payadd.cn','www.payadd.cn',NULL,NULL,NULL,NULL,NULL,NULL,NULL,NULL,NULL,NULL,NULL,NULL,NULL,NULL,NULL,NULL,NULL,NULL,NULL,NULL,NULL,'admin','admin','2016-04-15 19:24:00','2016-04-26 17:41:13');

/*Table structure for table `bdm_merchant_bank_account` */

DROP TABLE IF EXISTS `bdm_merchant_bank_account`;

CREATE TABLE `bdm_merchant_bank_account` (
  `merchant_code` varchar(24) COLLATE utf8_bin NOT NULL,
  `account_no` varchar(32) COLLATE utf8_bin NOT NULL,
  `account_name` varchar(50) COLLATE utf8_bin NOT NULL,
  `bank_code` varchar(10) COLLATE utf8_bin NOT NULL,
  `bank_name` varchar(20) COLLATE utf8_bin NOT NULL,
  `bank_address` varchar(50) COLLATE utf8_bin NOT NULL,
  `settle_code` varchar(12) COLLATE utf8_bin NOT NULL,
  `pc_flag` char(1) COLLATE utf8_bin NOT NULL,
  `is_default` char(1) COLLATE utf8_bin NOT NULL,
  `purpose` varchar(50) COLLATE utf8_bin DEFAULT NULL,
  `create_user_id` varchar(24) COLLATE utf8_bin NOT NULL,
  `update_user_id` varchar(24) COLLATE utf8_bin NOT NULL,
  `create_time` datetime NOT NULL,
  `last_update_time` datetime NOT NULL,
  PRIMARY KEY (`merchant_code`,`account_no`)
) ENGINE=InnoDB DEFAULT CHARSET=utf8 COLLATE=utf8_bin;

/*Data for the table `bdm_merchant_bank_account` */

/*Table structure for table `bdm_merchant_security` */

DROP TABLE IF EXISTS `bdm_merchant_security`;

CREATE TABLE `bdm_merchant_security` (
  `id` bigint(20) NOT NULL,
  `merchant_code` varchar(24) COLLATE utf8_bin NOT NULL,
  `protocol_code` varchar(50) COLLATE utf8_bin DEFAULT NULL,
  `sign_alg` varchar(2) COLLATE utf8_bin DEFAULT NULL,
  `sign_key` varchar(50) COLLATE utf8_bin DEFAULT NULL,
  `crypto_alg` varchar(4) COLLATE utf8_bin DEFAULT NULL,
  `crypto_key` varchar(50) COLLATE utf8_bin DEFAULT NULL,
  `public_key` varchar(1024) COLLATE utf8_bin DEFAULT NULL,
  `private_key` varchar(1024) COLLATE utf8_bin DEFAULT NULL,
  PRIMARY KEY (`id`)
) ENGINE=InnoDB DEFAULT CHARSET=utf8 COLLATE=utf8_bin;

/*Data for the table `bdm_merchant_security` */

insert  into `bdm_merchant_security`(`id`,`merchant_code`,`protocol_code`,`sign_alg`,`sign_key`,`crypto_alg`,`crypto_key`,`public_key`,`private_key`) values (16041562317050867,'80075501010001','common','M','111111',NULL,NULL,NULL,NULL),(16050950764059306,'16042666657104525','common','M','111111',NULL,NULL,NULL,NULL),(16051358185059770,'16051358147059512','common','M','111111',NULL,NULL,NULL,NULL),(16051359583059755,'16051358514059177','common','M','111111',NULL,NULL,NULL,NULL);

/*Table structure for table `bdm_merchant_settle_cycle` */

DROP TABLE IF EXISTS `bdm_merchant_settle_cycle`;

CREATE TABLE `bdm_merchant_settle_cycle` (
  `merchant_code` varchar(24) COLLATE utf8_bin NOT NULL,
  `settle_rule` char(1) COLLATE utf8_bin NOT NULL,
  `retain_days` int(2) DEFAULT NULL,
  `min_amt` decimal(18,2) DEFAULT NULL,
  `regular_type` char(1) COLLATE utf8_bin DEFAULT NULL,
  `regular_time` int(2) DEFAULT NULL,
  `holiday_flag` char(1) COLLATE utf8_bin DEFAULT NULL,
  `next_settletime` int(8) DEFAULT NULL,
  `create_user_id` varchar(24) COLLATE utf8_bin NOT NULL,
  `update_user_id` varchar(24) COLLATE utf8_bin NOT NULL,
  `create_time` datetime NOT NULL,
  `last_update_time` datetime NOT NULL,
  PRIMARY KEY (`merchant_code`)
) ENGINE=InnoDB DEFAULT CHARSET=utf8 COLLATE=utf8_bin;

/*Data for the table `bdm_merchant_settle_cycle` */

/*Table structure for table `bdm_merchant_user` */

DROP TABLE IF EXISTS `bdm_merchant_user`;

CREATE TABLE `bdm_merchant_user` (
  `id` bigint(20) NOT NULL,
  `merchant_code` varchar(24) COLLATE utf8_bin NOT NULL,
  `user_name` varchar(20) COLLATE utf8_bin NOT NULL,
  `phone` varchar(11) COLLATE utf8_bin DEFAULT NULL,
  `email` varchar(50) COLLATE utf8_bin DEFAULT NULL,
  `login_name` varchar(20) COLLATE utf8_bin DEFAULT NULL,
  `password` varchar(32) COLLATE utf8_bin NOT NULL,
  `pay_password` varchar(32) COLLATE utf8_bin DEFAULT NULL,
  `welcome` varchar(50) COLLATE utf8_bin DEFAULT NULL,
  `secure_question` varchar(20) COLLATE utf8_bin DEFAULT NULL,
  `secure_answer` varchar(20) COLLATE utf8_bin DEFAULT NULL,
  `auth_agency` char(1) COLLATE utf8_bin DEFAULT NULL,
  `auth_check` char(1) COLLATE utf8_bin DEFAULT NULL,
  `create_time` datetime NOT NULL,
  `last_update_time` datetime NOT NULL,
  PRIMARY KEY (`id`),
  UNIQUE KEY `NewIndex1` (`phone`),
  UNIQUE KEY `NewIndex2` (`email`),
  UNIQUE KEY `NewIndex3` (`login_name`)
) ENGINE=InnoDB DEFAULT CHARSET=utf8 COLLATE=utf8_bin;

/*Data for the table `bdm_merchant_user` */

insert  into `bdm_merchant_user`(`id`,`merchant_code`,`user_name`,`phone`,`email`,`login_name`,`password`,`pay_password`,`welcome`,`secure_question`,`secure_answer`,`auth_agency`,`auth_check`,`create_time`,`last_update_time`) values (80075501010001,'80075501010001','测试商户','13428187972','ddm@163.com','80075501010001','111111','111111',NULL,NULL,NULL,NULL,NULL,'2016-04-15 19:24:00','2016-04-26 17:41:13'),(16042666657104525,'16042666657104525','汇银通','13751875887','377809937@qq.com','16042666657104525','111111','111111',NULL,NULL,NULL,NULL,NULL,'2016-04-26 18:30:58','2016-05-04 10:29:49'),(16051358514059184,'16051358514059177','百度',NULL,NULL,'16051358514059177','123456',NULL,NULL,NULL,NULL,NULL,NULL,'2016-05-13 16:15:14','2016-05-13 16:15:14');

/*Table structure for table `sys_user` */

DROP TABLE IF EXISTS `sys_user`;

CREATE TABLE `sys_user` (
  `login_name` varchar(20) COLLATE utf8_bin NOT NULL,
  `user_name` varchar(30) COLLATE utf8_bin NOT NULL,
  `password` varchar(32) COLLATE utf8_bin NOT NULL,
  PRIMARY KEY (`login_name`)
) ENGINE=InnoDB DEFAULT CHARSET=utf8 COLLATE=utf8_bin;

/*Data for the table `sys_user` */

insert  into `sys_user`(`login_name`,`user_name`,`password`) values ('admin','管理员','111111');

/*!40101 SET SQL_MODE=@OLD_SQL_MODE */;
/*!40014 SET FOREIGN_KEY_CHECKS=@OLD_FOREIGN_KEY_CHECKS */;
/*!40014 SET UNIQUE_CHECKS=@OLD_UNIQUE_CHECKS */;
/*!40111 SET SQL_NOTES=@OLD_SQL_NOTES */;
